id,slug,status,journey_type,name_title,page_title,meta_description,excerpt,duration_days,max_guests,price_from,currency,price_basis,hero_image_exists,hero_alt_exists,itinerary_exists,itinerary_day_count,highlights_count,faq_count,related_article_count,related_journey_count,related_trips_count,updated_at,in_sitemap,seo_ready,slug_issues
3468ea14-5f5e-40f6-9234-0fedf137189e,beijing-city-imperial-grandeur-urban-chic-1-day-tour,active,Explore Together,Beijing City Imperial Grandeur & Urban Chic One-Day Tour,Beijing City Imperial Grandeur & Urban Chic 1-Day Tour,Navigating the Monumental Scale of Dynastic History and the Avant-Garde Ambition of a Modern Metropolis.,Navigating the Monumental Scale of Dynastic History and the Avant-Garde Ambition of a Modern Metropolis.,1,12,192.00,unknown,details_field,true,false,true,5,0,0,0,0,0,Tue Feb 24 2026 16:50:29 GMT+0800 (China Standard Time),true,true,
9b0aefcc-3604-4d5c-bcc2-0b8ee80bb621,grand-china-highlands-nature-18-day-journey,active,Deep Discovery,Grand China Highlands & Nature 18-Day Journey,Grand China Highlands & Nature 18-Day Journey,Shanghai begins · Lijiang · Shangri-La · Lhasa · Everest · Shigatse · Beijing ends,Shanghai begins · Lijiang · Shangri-La · Lhasa · Everest · Shigatse · Beijing ends,18,10,7914.00,unknown,,true,false,true,18,0,0,0,0,0,Sun Feb 22 2026 09:47:02 GMT+0800 (China Standard Time),true,true,
eb9647df-6b38-46be-9920-9b80f27a9d2e,grand-china-highlights-16-day-multi-city-journey,active,Deep Discovery,Grand China Highlights 16-Day Multi-City Journey,Grand China Highlights 16-Day Multi-City Journey,Beijing begins · Xi’an · Chengdu · Chongqing · Guilin · Shanghai ends,Beijing begins · Xi’an · Chengdu · Chongqing · Guilin · Shanghai ends,16,10,5648.00,unknown,,true,false,true,16,0,0,0,0,0,Sat Feb 21 2026 07:28:53 GMT+0800 (China Standard Time),true,true,
ef87b1c3-d52a-4e8e-ade7-950e1bceadb3,yunnan-kunming-dali-lijiang-shangri-la-9-day-tour,active,Deep Discovery,"Yunnan Kunming, Dali, Lijiang & Shangri-La 9-Day  Tour","Yunnan Kunming, Dali, Lijiang & Shangri-La 9-Day  Tour","Kunming begins, Shangri-La ends","Kunming begins, Shangri-La ends",9,10,2866.00,unknown,,true,false,true,9,0,0,0,0,0,Sat Feb 21 2026 07:23:53 GMT+0800 (China Standard Time),true,true,
ff987022-70a1-48c7-bed4-3dd33be5f105,yunnan-kunming-xishuangbanna-tengchong-8-day-tour,inactive,Deep Discovery,"Yunnan Kunming, Xishuangbanna & Tengchong 8-Day  Tour","Yunnan Kunming, Xishuangbanna & Tengchong 8-Day  Tour","Kunming begins, Tengchong ends","Kunming begins, Tengchong ends",8,8,1000.00,unknown,,true,false,true,8,0,0,0,0,0,Fri Jan 23 2026 06:05:24 GMT+0800 (China Standard Time),false,false,
43afa024-0a6b-42a4-ab24-b582778ad587,lhasa-holy-lakes-classic-tibet-8-day-tour,active,Deep Discovery,Lhasa & Holy Lakes  Classic Tibet 8-Day Tour,Lhasa & Holy Lakes  Classic Tibet 8-Day Tour,"Lhasa begins, Lhasa ends","Lhasa begins, Lhasa ends",8,10,2828.00,unknown,,true,false,true,8,0,0,0,0,0,Sat Feb 21 2026 07:00:10 GMT+0800 (China Standard Time),true,true,
1211dc54-4653-4bb1-a925-75fa38477919,xining-to-lhasa-mount-everest-tibet-grand-10-day-tour,active,Deep Discovery,Xining to Lhasa & Mount Everest  Tibet Grand 10-Day Tour,Xining to Lhasa & Mount Everest  Tibet Grand 10-Day Tour,"Xining begins, Lhasa ends","Xining begins, Lhasa ends",10,10,3137.00,unknown,,true,false,true,10,0,0,0,0,0,Sat Feb 21 2026 06:21:37 GMT+0800 (China Standard Time),true,true,
77f512fd-41df-4eee-8d35-4c33623aa637,chengdu-to-ganzi-tibetan-buddhism-pilgrimage-hidden-lands-10-day-tour,inactive,Deep Discovery,Chengdu to Ganzi Tibetan Buddhism Pilgrimage & Hidden Lands 10-Day Tour,Chengdu to Ganzi Tibetan Buddhism Pilgrimage & Hidden Lands 10-Day Tour,"Chengdu begins, Chengdu ends","Chengdu begins, Chengdu ends",10,8,1000.00,unknown,,true,false,true,10,0,0,0,0,0,Fri Jan 23 2026 06:05:28 GMT+0800 (China Standard Time),false,false,
9cef0680-e565-4507-bf70-24ae7ff50952,western-sichuan-daocheng-yading-nature-9-day-tour,inactive,Deep Discovery,Western Sichuan & Daocheng Yading Nature  9-Day  Tour,Western Sichuan & Daocheng Yading Nature  9-Day  Tour,"Chengdu begins, Chengdu ends","Chengdu begins, Chengdu ends",9,6,1000.00,unknown,,true,false,true,9,0,0,0,0,0,Fri Jan 23 2026 06:05:30 GMT+0800 (China Standard Time),false,false,
64ad1143-2c99-4444-a735-195b5c2da099,chengdu-to-xichang-luojishan-6-day-tour,inactive,Deep Discovery,Chengdu to Xichang & Luojishan 6-Day Tour,Chengdu to Xichang & Luojishan 6-Day Tour,"Chengdu begins, Chengdu ends","Chengdu begins, Chengdu ends",6,10,1000.00,unknown,,true,false,true,6,0,0,0,0,0,Fri Jan 23 2026 06:05:32 GMT+0800 (China Standard Time),false,false,
991d0029-2312-4301-bb1e-51aa586c122c,sichuan-chengdu-classic-heritage-7-day-tour,inactive,Deep Discovery,"Sichuan, Chengdu  Classic Heritage 7-Day  Tour","Sichuan, Chengdu  Classic Heritage 7-Day  Tour","Chengdu begins, Chengdu ends","Chengdu begins, Chengdu ends",7,8,1000.00,unknown,,true,false,true,7,0,0,0,0,0,Fri Jan 23 2026 06:06:35 GMT+0800 (China Standard Time),false,false,
535ac95b-f891-4e1c-916f-57028d7cb9e0,chengdu-chongqing-double-cities-6-day-tour,active,Deep Discovery,Chengdu & Chongqing Double Cities 6-Day  Tour,Chengdu & Chongqing Double Cities 6-Day  Tour,"Chengdu begins, Chongqing ends","Chengdu begins, Chongqing ends",6,10,1324.00,unknown,,true,false,true,6,0,0,0,0,0,Wed Feb 18 2026 04:46:37 GMT+0800 (China Standard Time),true,true,
ce8fcb42-c0a8-4925-b4e0-540cac40b7e1,chongqing-wulong-classic-6-day-tour,inactive,Deep Discovery,Chongqing & Wulong Classic 6-Day Tour,Chongqing & Wulong Classic 6-Day Tour,"Chongqing begins, Chongqing ends","Chongqing begins, Chongqing ends",6,12,1000.00,unknown,,true,false,true,6,0,0,0,0,0,Fri Jan 23 2026 06:05:36 GMT+0800 (China Standard Time),false,false,
a1d410d7-a3c1-4333-bc5f-52befea2acd2,guiyang-to-qiannan-panoramic-explorer-9-day-tour,inactive,Deep Discovery,Guiyang to Qiannan Panoramic Explorer  9-Day Tour,Guiyang to Qiannan Panoramic Explorer  9-Day Tour,"Guiyang begins, Guiyang ends","Guiyang begins, Guiyang ends",9,8,1000.00,unknown,,true,false,true,9,0,0,0,0,0,Fri Jan 23 2026 06:05:38 GMT+0800 (China Standard Time),false,false,
6c8279a0-ecad-4b80-9ad0-069b104c407d,guizhou-to-waterfalls-karst-minority-cultures-8-day-panorama-tour,inactive,Deep Discovery,"Guizhou to Waterfalls, Karst & Minority Cultures 8-Day Panorama Tour","Guizhou to Waterfalls, Karst & Minority Cultures 8-Day Panorama Tour","Guizhou begins, Guizhou ends","Guizhou begins, Guizhou ends",8,8,1000.00,unknown,,true,false,true,8,0,0,0,0,0,Fri Jan 23 2026 06:05:40 GMT+0800 (China Standard Time),false,false,
31f789ed-e6c2-4acb-a7d3-0fd07937acba,zhangjiajie-5-day-highlights-tour,inactive,Deep Discovery,Zhangjiajie 5-Day Highlights Tour,Zhangjiajie 5-Day Highlights Tour,"Zhangjiajie begins, Zhangjiajie ends","Zhangjiajie begins, Zhangjiajie ends",5,12,1000.00,unknown,,true,false,true,5,0,0,0,0,0,Fri Jan 23 2026 06:05:41 GMT+0800 (China Standard Time),false,false,
08579f34-894b-4278-9608-a96f54d2b591,zhangjiajie-fenghuang-classic-7-day-dual-destination-tour,active,Deep Discovery,Zhangjiajie & Fenghuang Classic 7-Day Dual-Destination Tour,Zhangjiajie & Fenghuang Classic 7-Day Dual-Destination Tour,"Zhangjiajie begins, Zhangjiajie ends","Zhangjiajie begins, Zhangjiajie ends",7,10,1827.00,unknown,,true,false,true,7,0,0,0,0,0,Tue Feb 17 2026 14:40:28 GMT+0800 (China Standard Time),true,true,
645c7b01-6a18-4246-91b7-69f1311e9ebc,shanghai-suzhou-classic-dual-city-7-day-tour,active,Deep Discovery,Shanghai & Suzhou Classic Dual-City 7-Day  Tour,Shanghai & Suzhou Classic Dual-City 7-Day  Tour,"Shanghai begins, Shanghai ends","Shanghai begins, Shanghai ends",7,10,1873.00,unknown,,true,false,true,7,0,0,0,0,0,Tue Feb 17 2026 14:19:42 GMT+0800 (China Standard Time),true,true,
1f4c1481-bb45-4ac7-acd0-4aba2550cea1,shanghai-suzhou-nanjing-hangzhou-loop-8-day-tour,inactive,Deep Discovery,"Shanghai, Suzhou, Nanjing & Hangzhou Loop  8-Day Tour","Shanghai, Suzhou, Nanjing & Hangzhou Loop  8-Day Tour","Shanghai begins, Shanghai ends","Shanghai begins, Shanghai ends",8,8,1000.00,unknown,,true,false,true,8,0,0,0,0,0,Fri Jan 23 2026 06:06:02 GMT+0800 (China Standard Time),false,false,
24ded7e2-c63c-4625-b5f9-5f383583633f,hangzhou-cultural-water-town-in-depth-6-day-tour,inactive,Deep Discovery,Hangzhou Cultural & Water Town  In-Depth 6-Day Tour,Hangzhou Cultural & Water Town  In-Depth 6-Day Tour,"Hangzhou begins, Hangzhou ends","Hangzhou begins, Hangzhou ends",6,8,1000.00,unknown,,true,false,true,6,0,0,0,0,0,Fri Jan 23 2026 06:05:53 GMT+0800 (China Standard Time),false,false,
591a7e54-4cce-4bc2-940a-338b38b79e2d,hangzhou-to-qiandao-lake-leisure-5-daytour,inactive,Deep Discovery,Hangzhou to Qiandao Lake  Leisure 5-DayTour,Hangzhou to Qiandao Lake  Leisure 5-DayTour,"Hangzhou begins, Hangzhou ends","Hangzhou begins, Hangzhou ends",5,10,1000.00,unknown,,true,false,true,5,0,0,0,0,0,Fri Jan 23 2026 06:06:08 GMT+0800 (China Standard Time),false,false,
fe99d869-cb67-4ba7-8791-ecdfa38c2701,huangshan-to-huizhou-ancient-villages-6-day-tour,active,Deep Discovery,Huangshan to Huizhou Ancient Villages 6-Day Tour,Huangshan to Huizhou Ancient Villages 6-Day Tour,"Huangshan begins, Huangshan ends","Huangshan begins, Huangshan ends",6,10,1367.00,unknown,,true,false,true,6,0,0,0,0,0,Tue Feb 17 2026 13:44:50 GMT+0800 (China Standard Time),true,true,
4a22ea8c-15a2-4b39-b1d2-c7b3d3e32fd7,guangzhou-chaoshan-xiamen-cultural-loop-8-day-tour,active,Deep Discovery,"Guangzhou, Chaoshan & Xiamen  Cultural Loop 8-Day Tour","Guangzhou, Chaoshan & Xiamen  Cultural Loop 8-Day Tour","Guangzhou begins, Xiamen ends","Guangzhou begins, Xiamen ends",8,8,1000.00,unknown,,true,false,true,8,0,0,0,0,0,Thu Apr 09 2026 03:25:29 GMT+0800 (China Standard Time),true,true,
12da1d30-0d8d-49df-b350-fe6880c56ab8,chaoshan-region-cultural-heritage-6-day-tour,active,Deep Discovery,Chaoshan Region Cultural Heritage 6-Day  Tour,Chaoshan Region Cultural Heritage 6-Day  Tour,"Chaozhou begins, Jieyang ends","Chaozhou begins, Jieyang ends",6,8,1000.00,unknown,,true,false,true,6,0,0,0,0,0,Thu Apr 09 2026 03:25:33 GMT+0800 (China Standard Time),true,true,
033eb46d-8326-4d1d-8d89-a0d690bc59e9,nanning-to-sino-vietnamese-border-nature-6-day-tour,inactive,Deep Discovery,Nanning to Sino-Vietnamese Border  Nature 6-Day Tour,Nanning to Sino-Vietnamese Border  Nature 6-Day Tour,"Nanning begins, Nanning ends","Nanning begins, Nanning ends",6,8,1000.00,unknown,,true,false,true,6,0,0,0,0,0,Fri Jan 23 2026 06:06:13 GMT+0800 (China Standard Time),false,false,
d2be5f8a-75a3-453a-88e6-a13c8baa70d4,guilin-to-yangshuo-classic-7-day-tour,active,Deep Discovery,Guilin to Yangshuo  Classic 7-Day Tour,Guilin to Yangshuo  Classic 7-Day Tour,"Guilin begins, Guilin ends","Guilin begins, Guilin ends",7,10,1709.00,unknown,,true,false,true,7,0,0,0,0,0,Tue Feb 17 2026 13:24:37 GMT+0800 (China Standard Time),true,true,
d8958be5-72fd-4dfe-acd9-dfad00b1f928,urumqi-to-ili-grassland-nature-loop-tour-7-day-,inactive,Deep Discovery,Urumqi to Ili Grassland Nature Loop Tour 7-Day,Urumqi to Ili Grassland Nature Loop Tour 7-Day,"Urumqi begins, Urumqi ends","Urumqi begins, Urumqi ends",7,8,1000.00,unknown,,true,false,true,7,0,0,0,0,0,Fri Jan 23 2026 06:06:16 GMT+0800 (China Standard Time),false,false,trailing_hyphen
5cfec52f-1a4f-40a5-af90-29c471461d7a,urumqi-to-altay-winter-wonderland-8-day-tour,inactive,Deep Discovery,Urumqi to Altay Winter Wonderland 8-Day Tour,Urumqi to Altay Winter Wonderland 8-Day Tour,"Urumqi begins, Urumqi ends","Urumqi begins, Urumqi ends",8,8,1000.00,unknown,,true,false,true,8,0,0,0,0,0,Fri Jan 23 2026 06:06:18 GMT+0800 (China Standard Time),false,false,
fd744425-8680-496a-aa47-74a07ff0f5e3,dunhuang-to-turpan-kumtag-desert-8-day-off-road-adventure-tour,inactive,Deep Discovery,Dunhuang to Turpan & Kumtag Desert 8-Day Off-Road Adventure Tour,Dunhuang to Turpan & Kumtag Desert 8-Day Off-Road Adventure Tour,"Dunhuang begins, Urumqi ends","Dunhuang begins, Urumqi ends",8,8,1000.00,unknown,,true,false,true,8,0,0,0,0,0,Fri Jan 23 2026 06:06:19 GMT+0800 (China Standard Time),false,false,
140ce811-9a74-432d-be97-8f7353093a34,xining-to-qinghai-lake-zhangye-dunhuang-grand-10-day-tour,inactive,Deep Discovery,"Xining to Qinghai Lake, Zhangye & Dunhuang Grand 10-Day Tour","Xining to Qinghai Lake, Zhangye & Dunhuang Grand 10-Day Tour","Xining begins, Dunhuang ends","Xining begins, Dunhuang ends",10,8,1000.00,unknown,,true,false,true,10,0,0,0,0,0,Fri Jan 23 2026 06:06:21 GMT+0800 (China Standard Time),false,false,
bfd44a68-c631-4e23-950f-f93a7e9231b5,xian-culture-mount-hua-in-depth-4-day-tour,active,Deep Discovery,Xi'an Culture & Mount Hua  In-Depth 6-Day Tour,Xi'an Culture & Mount Hua  In-Depth 4-Day Tour,"Xi'an begins, Xi'an ends","Xi'an begins, Xi'an ends",6,10,1231.00,unknown,,true,false,true,6,0,0,0,0,0,Tue Feb 17 2026 12:47:25 GMT+0800 (China Standard Time),true,true,
4d3bbbb8-3907-459b-af10-181ace7af8ec,beijing-to-shanxi-ancient-architecture-with-black-myth-wukong-inspirations-6-day-tour-,active,Deep Discovery,Beijing to Shanxi Ancient Architecture with Black Myth: Wukong Inspirations  6-Day Tour,Beijing to Shanxi Ancient Architecture with Black Myth: Wukong Inspirations  6-Day Tour,"Beijing begins, Xi’an ends","Beijing begins, Xi’an ends",6,10,1938.00,unknown,,true,false,true,6,0,0,0,0,0,Tue Feb 17 2026 12:42:44 GMT+0800 (China Standard Time),true,false,trailing_hyphen
8f3cdc36-f243-45da-b3b5-ecfba83929a6,beijing-cultural-highlights-and-iconic-sights-5-multi-days-tour,active,Deep Discovery,"Beijing Cultural Highlights, and Iconic Sights  5 Multi-Days Tour","Beijing Cultural Highlights, and Iconic Sights  5 Multi-Days Tour","Beijing begins, Beijing ends","Beijing begins, Beijing ends",5,10,1269.00,unknown,,true,false,true,5,0,0,0,0,0,Tue Feb 17 2026 12:36:22 GMT+0800 (China Standard Time),true,true,
7e8e641d-4446-490c-9b94-ce19c8a94912,hailar-to-hulunbuir-grassland-arxan-grand-loop-9-day-tour,inactive,Deep Discovery,Hailar to Hulunbuir Grassland & Arxan Grand Loop 9-Day  Tour,Hailar to Hulunbuir Grassland & Arxan Grand Loop 9-Day  Tour,"Hailar begins, Hailar ends","Hailar begins, Hailar ends",9,6,1000.00,unknown,,true,false,true,9,0,0,0,0,0,Fri Jan 23 2026 06:06:24 GMT+0800 (China Standard Time),false,false,
7b370612-01bb-4812-89c9-0c25a3bb9f70,shanghai-to-tongli-ancient-water-town-day-tour,inactive,Explore Together,Shanghai to Tongli Ancient Water Town Day Tour,Shanghai to Tongli Ancient Water Town Day Tour,"Shanghai begins, Shanghai ends","Shanghai begins, Shanghai ends",1,16,1000.00,unknown,,true,false,true,1,0,0,0,0,0,Fri Jan 23 2026 05:59:14 GMT+0800 (China Standard Time),false,false,
aa64bf32-d48f-4d5a-8bb7-e0e85353de5c,jiuzhaigou-cultural-adventure-4-day-tour,active,Deep Discovery,Chengdu to Jiuzhaigou & Huanglong 6-Day Nature & Culture Tour,Jiuzhaigou Cultural & Adventure 4-Day Tour,"Chengdu begins, Chengdu ends","Chengdu begins, Chengdu ends",6,10,1593.00,unknown,,true,false,true,6,0,0,0,0,0,Wed Feb 18 2026 09:15:34 GMT+0800 (China Standard Time),true,true,
bbec6b13-4f66-443b-bfde-b36172660e0d,xian-grand-pagoda-ancient-city-wall-day-tour,inactive,Explore Together,Xi'an Grand Pagoda & Ancient City Wall Day Tour,Xi'an Grand Pagoda & Ancient City Wall Day Tour,"Xi'an begins, Xi'an ends","Xi'an begins, Xi'an ends",1,16,300.00,unknown,,true,false,true,1,0,0,0,0,0,Sun Jan 25 2026 14:43:06 GMT+0800 (China Standard Time),false,false,
06f935af-8ca1-45e0-bdc3-053b94907cf2,xian-terracotta-warriors-tang-paradise-night-tour,active,Explore Together,Xi’an: Monumental Guardians & Neon Reveries,Xi'an Terracotta Warriors & Tang Paradise Night Tour,Uncovering the Subterranean Scale of Ancient Empires and the Radiant Spectacle of China’s Cultural Renaissance.,Uncovering the Subterranean Scale of Ancient Empires and the Radiant Spectacle of China’s Cultural Renaissance.,1,12,186.00,unknown,,true,false,true,4,0,0,0,0,0,Tue Feb 24 2026 17:02:11 GMT+0800 (China Standard Time),true,true,
68262f66-90f9-4f2f-822e-51865bde7967,beijing-imperial-temple-garden-hutongs-day-tour,inactive,Explore Together,"Beijing Imperial Temple, Garden & Hutongs Day Tour","Beijing Imperial Temple, Garden & Hutongs Day Tour","Beijing begins, Beijing ends","Beijing begins, Beijing ends",1,12,1000.00,unknown,,true,false,true,1,0,0,0,0,0,Sat Feb 21 2026 13:15:25 GMT+0800 (China Standard Time),false,false,
d5e5c0e9-6549-497a-97a3-4843621da5dc,beijing-to-mutianyu-great-wall-day-tour,active,Explore Together,Beijing to Mutianyu Great Wall Day Tour,Beijing to Mutianyu Great Wall Day Tour,"Beijing begins, Beijing ends","Beijing begins, Beijing ends",1,12,217.00,unknown,,true,false,true,1,0,0,0,0,0,Thu Feb 26 2026 04:24:02 GMT+0800 (China Standard Time),true,true,
37f6a3ae-f758-4449-83f5-e036c83f189d,badaling-great-wall-day-tour,active,Explore Together,Badaling Great Wall Day Tour,Badaling Great Wall Day Tour,"Beijing begins, Beijing ends","Beijing begins, Beijing ends",1,12,217.00,unknown,,true,false,true,1,0,0,0,0,0,Thu Feb 26 2026 04:23:13 GMT+0800 (China Standard Time),true,true,
87788afb-8344-4dbe-92e9-4ad41f660cd5,datong-to-yungang-grottoes-hanging-temple-day-tour,inactive,Explore Together,Datong to Yungang Grottoes & Hanging Temple Day Tour,Datong to Yungang Grottoes & Hanging Temple Day Tour,"Datong begins, Datong ends","Datong begins, Datong ends",1,12,1000.00,unknown,,true,false,true,1,0,0,0,0,0,Fri Jan 23 2026 05:59:31 GMT+0800 (China Standard Time),false,false,
fda690c8-6884-4006-a982-305d20426d00,qingdao-beer-sea-mountains-day-tour,inactive,Explore Together,"Qingdao Beer, Sea & Mountains Day Tour","Qingdao Beer, Sea & Mountains Day Tour","Qingdao begins, Qingdao ends","Qingdao begins, Qingdao ends",1,12,1000.00,unknown,,true,false,true,1,0,0,0,0,0,Sun Dec 28 2025 16:33:51 GMT+0800 (China Standard Time),false,false,
20cb64d6-c2e1-4197-8e78-08e6236d5706,harbin-classic-winter-experience-day-tour,inactive,Explore Together,Harbin Classic Winter Experience Day Tour,Harbin Classic Winter Experience Day Tour,"Harbin begins, Harbin ends","Harbin begins, Harbin ends",1,12,1000.00,unknown,,true,false,true,1,0,0,0,0,0,Fri Jan 23 2026 05:59:30 GMT+0800 (China Standard Time),false,false,
b782a27c-e4c1-4e1b-9a4f-7d01cf71e385,wuhan-historical-architecture-riverfront-day-tour,inactive,Explore Together,Wuhan Historical Architecture & Riverfront Day Tour,Wuhan Historical Architecture & Riverfront Day Tour,"Wuhan begins, Wuhan ends","Wuhan begins, Wuhan ends",1,12,1000.00,unknown,,true,false,true,1,0,0,0,0,0,Fri Jan 23 2026 05:59:29 GMT+0800 (China Standard Time),false,false,
68b2dbbd-ed87-4cd4-b420-6e282aa2afe6,kunming-city-western-hill-day-tour,inactive,Explore Together,Kunming City & Western Hill Day Tour,Kunming City & Western Hill Day Tour,"Kunming begins, Kunming ends","Kunming begins, Kunming ends",1,12,1000.00,unknown,,true,false,true,1,0,0,0,0,0,Fri Jan 23 2026 05:59:35 GMT+0800 (China Standard Time),false,false,
490aea2d-6cff-47f4-a9fa-5131ff160d06,fujian-tulou-day-tour,inactive,Explore Together,Fujian Tulou Day Tour,Fujian Tulou Day Tour,"Xiamen begins, Xiamen ends","Xiamen begins, Xiamen ends",1,12,1000.00,unknown,,true,false,true,1,0,0,0,0,0,Fri Jan 23 2026 05:59:36 GMT+0800 (China Standard Time),false,false,
ae4e5fd0-f467-4be2-858c-2ee30242b554,xiamen-city-coastal-highlights-day-tour,inactive,Explore Together,Xiamen City & Coastal Highlights Day Tour,Xiamen City & Coastal Highlights Day Tour,"Xiamen begins, Xiamen ends","Xiamen begins, Xiamen ends",1,12,1000.00,unknown,,true,false,true,1,0,0,0,0,0,Fri Jan 23 2026 05:59:37 GMT+0800 (China Standard Time),false,false,
9c0864b9-a79d-46c4-800c-ddc4dbab54d5,gulangyu-island-day-tour,inactive,Explore Together,Gulangyu Island Day Tour,Gulangyu Island Day Tour,"Xiamen begins, Xiamen ends","Xiamen begins, Xiamen ends",1,12,1000.00,unknown,,true,false,true,1,0,0,0,0,0,Fri Jan 23 2026 05:59:41 GMT+0800 (China Standard Time),false,false,
926c8370-1bea-4470-bdb7-f882ff318cc7,shenzhen-city-culture-landmarks-day-tour,inactive,Explore Together,Shenzhen City Culture & Landmarks Day Tour,Shenzhen City Culture & Landmarks Day Tour,"Shenzhen begins, Shenzhen ends","Shenzhen begins, Shenzhen ends",1,12,1000.00,unknown,,true,false,true,1,0,0,0,0,0,Fri Jan 23 2026 05:59:40 GMT+0800 (China Standard Time),false,false,
2351fc82-887f-4b37-bad7-2c466764e0e0,guangzhou-classic-city-walk-day-tour,inactive,Explore Together,Guangzhou Classic City Walk Day Tour,Guangzhou Classic City Walk Day Tour,"Guangzhou begins, Guangzhou ends","Guangzhou begins, Guangzhou ends",1,12,1000.00,unknown,,true,false,true,1,0,0,0,0,0,Fri Jan 23 2026 05:59:39 GMT+0800 (China Standard Time),false,false,
ff1ed0c8-1ea1-4ca7-9de2-707844381a68,yangshuo-karst-landscapes-river-cruise-day-tour,inactive,Explore Together,Yangshuo Karst Landscapes & River Cruise Day Tour,Yangshuo Karst Landscapes & River Cruise Day Tour,"Yangshuo begins, Yangshuo ends","Yangshuo begins, Yangshuo ends",1,12,1000.00,unknown,,true,false,true,1,0,0,0,0,0,Sat Feb 21 2026 13:15:59 GMT+0800 (China Standard Time),false,false,
1654f129-046a-4daf-b595-a2fd00f13cc3,guilin-city-highlights-night-cruise-day-tour,inactive,Explore Together,Guilin City Highlights & Night Cruise Day Tour,Guilin City Highlights & Night Cruise Day Tour,"Guilin begins, Guilin ends","Guilin begins, Guilin ends",1,12,1000.00,unknown,,true,false,true,1,0,0,0,0,0,Fri Jan 23 2026 05:59:43 GMT+0800 (China Standard Time),false,false,
fd6b7c12-c11d-4ae4-9a84-d451bc2fe372,dai-village-nannuo-mountain-tea-culture-day-tour,inactive,Explore Together,Dai Village & Nannuo Mountain Tea Culture Day Tour,Dai Village & Nannuo Mountain Tea Culture Day Tour,"Xishuangbanna begins, Xishuangbanna ends","Xishuangbanna begins, Xishuangbanna ends",1,12,1000.00,unknown,,true,false,true,1,0,0,0,0,0,Fri Jan 23 2026 05:59:44 GMT+0800 (China Standard Time),false,false,
9d4bfc58-201f-40aa-9d95-9101ad4c2f08,xishuangbanna-elephant-valley-dai-garden-day-tour,inactive,Explore Together,Xishuangbanna Elephant Valley & Dai Garden Day Tour,Xishuangbanna Elephant Valley & Dai Garden Day Tour,"Xishuangbanna begins, Xishuangbanna ends","Xishuangbanna begins, Xishuangbanna ends",1,16,1000.00,unknown,,true,false,true,1,0,0,0,0,0,Fri Jan 23 2026 05:59:48 GMT+0800 (China Standard Time),false,false,
dabc4159-c42e-438e-a1eb-6abd957c9104,xishuangbanna-tropical-temples-villages-day-tour,inactive,Explore Together,Xishuangbanna Tropical Temples & Villages Day Tour,Xishuangbanna Tropical Temples & Villages Day Tour,"Xishuangbanna begins, Xishuangbanna ends","Xishuangbanna begins, Xishuangbanna ends",1,12,1000.00,unknown,,true,false,true,1,0,0,0,0,0,Fri Jan 23 2026 05:59:47 GMT+0800 (China Standard Time),false,false,
0389826c-8d82-4c3b-b612-2b44c0b2f781,lijiang-to-dali-across-shaxi-ancient-town-day-tour,inactive,Explore Together,Lijiang to Dali across Shaxi Ancient Town  Day Tour,Lijiang to Dali across Shaxi Ancient Town  Day Tour,"Lijiang begins, Dali ends","Lijiang begins, Dali ends",1,12,1000.00,unknown,,true,false,true,1,0,0,0,0,0,Fri Jan 23 2026 05:59:46 GMT+0800 (China Standard Time),false,false,
1be89fa2-9420-45b5-bc61-6b9f1c43a43b,lugu-lake-with-mosuo-culture-experience-2-day-tour-,inactive,Explore Together,Lugu Lake with Mosuo Culture Experience 2-Day Tour,Lugu Lake with Mosuo Culture Experience 2-Day Tour,"Lijiang begins, Lijiang ends","Lijiang begins, Lijiang ends",2,12,1000.00,unknown,,true,false,true,2,0,0,0,0,0,Fri Jan 23 2026 05:59:49 GMT+0800 (China Standard Time),false,false,trailing_hyphen
8d704e28-7e8c-4134-aa7e-4fe1ab76ce71,tiger-leaping-gorge-hiking-day-tour,inactive,Explore Together,Tiger Leaping Gorge Hiking Day Tour,Tiger Leaping Gorge Hiking Day Tour,"Lijiang begins, Lijiang ends","Lijiang begins, Lijiang ends",1,12,1000.00,unknown,,true,false,true,1,0,0,0,0,0,Fri Jan 23 2026 05:59:50 GMT+0800 (China Standard Time),false,false,
b4c761e4-b3b1-4568-b173-3ff9ece44388,lijiang-yulong-snow-mountain-day-tour,inactive,Explore Together,Lijiang Yulong Snow Mountain Day Tour,Lijiang Yulong Snow Mountain Day Tour,"Lijiang begins, Lijiang ends","Lijiang begins, Lijiang ends",1,12,1000.00,unknown,,true,false,true,1,0,0,0,0,0,Fri Jan 23 2026 05:59:52 GMT+0800 (China Standard Time),false,false,
f699fa20-3732-4bd0-8379-974e9a35420c,dali-cangshan-mountain-with-chongsheng-three-pagodas-day-tour-,inactive,Explore Together,Dali Cangshan Mountain  with Chongsheng Three Pagodas Day Tour,Dali Cangshan Mountain  with Chongsheng Three Pagodas Day Tour,"Dali begins, Dali ends","Dali begins, Dali ends",1,12,1000.00,unknown,,true,false,true,1,0,0,0,0,0,Fri Jan 23 2026 05:59:56 GMT+0800 (China Standard Time),false,false,trailing_hyphen
1efb5a6e-8b7e-43ca-9dde-9e6587bee8ba,erhai-lake-loop-day-tour,inactive,Explore Together,Erhai Lake Loop Day Tour,Erhai Lake Loop Day Tour,"Dali begins, Dali ends","Dali begins, Dali ends",1,12,1000.00,unknown,,true,false,true,1,0,0,0,0,0,Fri Jan 23 2026 05:59:54 GMT+0800 (China Standard Time),false,false,
cf231b9a-9022-477f-a583-04e5711a659c,guiyang-city-highlights-day-tour,inactive,Explore Together,Guiyang City Highlights Day Tour,Guiyang City Highlights Day Tour,"Guiyang begins, Guiyang ends","Guiyang begins, Guiyang ends",1,12,1000.00,unknown,,true,false,true,1,0,0,0,0,0,Fri Jan 23 2026 05:59:57 GMT+0800 (China Standard Time),false,false,
0f9d936a-6cd6-443d-a7c8-b2d317a75d6c,libo-karst-landscapes-by-high-speed-rail-day-tour,inactive,Explore Together,Libo Karst Landscapes by High-Speed Rail Day Tour,Libo Karst Landscapes by High-Speed Rail Day Tour,"Guiyang begins, Guiyang ends","Guiyang begins, Guiyang ends",1,12,1000.00,unknown,,true,false,true,1,0,0,0,0,0,Fri Jan 23 2026 06:00:01 GMT+0800 (China Standard Time),false,false,
a624b439-0fed-495c-bebc-4bd9823a47ff,huangguoshu-waterfall-vip-one-day-tour,inactive,Explore Together,Huangguoshu Waterfall VIP One-Day Tour,Huangguoshu Waterfall VIP One-Day Tour,"Guiyang begins, Guiyang ends","Guiyang begins, Guiyang ends",1,14,1000.00,unknown,,true,false,true,1,0,0,0,0,0,Fri Jan 23 2026 06:00:00 GMT+0800 (China Standard Time),false,false,
c1599bf8-9d1a-4494-8401-8c7eff563838,leshan-giant-buddha-day-tour,inactive,Explore Together,Leshan Giant Buddha Day Tour,Leshan Giant Buddha Day Tour,"Chengdu begins, Chengdu ends","Chengdu begins, Chengdu ends",1,12,1000.00,unknown,,true,false,true,1,0,0,0,0,0,Fri Jan 23 2026 05:59:59 GMT+0800 (China Standard Time),false,false,
1625c038-3464-4a7a-b5d9-c345f195dd74,yangtze-river-cruise-with-century-sakura-4-days-from-chongqing-to-yichang,inactive,Explore Together,Yangtze River Cruise with Century Sakura: 4 Days from Chongqing to Yichang,Yangtze River Cruise with Century Sakura: 4 Days from Chongqing to Yichang | Korascale Travel,Chongqing starts and Yichang ends,Chongqing starts and Yichang ends,4,12,1000.00,unknown,,true,false,true,4,0,0,0,0,4,Fri Jan 23 2026 06:00:03 GMT+0800 (China Standard Time),false,false,
ba5e65c7-23b9-4be6-87fb-886a09de2947,phoenix-ancient-town-by-high-speed-rail-day-tour,inactive,Explore Together,Phoenix Ancient Town by High-Speed Rail Day Tour,Phoenix Ancient Town by High-Speed Rail Day Tour | Korascale Travel,"Zhangjiajie begins, Zhangjiajie ends","Zhangjiajie begins, Zhangjiajie ends",1,12,1000.00,unknown,,true,false,true,1,0,0,0,0,4,Fri Jan 23 2026 06:00:04 GMT+0800 (China Standard Time),false,false,
743d03b7-82a9-4d72-9715-10ee9df9f231,siguniang-mountain-2-day-tour,active,Explore Together,Siguniang Mountain 2-Day Tour,Siguniang Mountain 2-Day Tour | Korascale Travel,"Chengdu begins, Chengdu ends","Chengdu begins, Chengdu ends",2,8,540.00,unknown,,true,false,true,2,0,0,0,0,4,Thu Feb 26 2026 04:21:25 GMT+0800 (China Standard Time),true,true,
d3485450-4186-468d-803d-f6e87fc48cf5,tibetan-qiang-glacier-3-day-in-depth-tour,inactive,Explore Together,"Tibetan, Qiang & Glacier 3-Day In-Depth Tour","Tibetan, Qiang & Glacier 3-Day In-Depth Tour | Korascale Travel","Chengdu begins, Chengdu ends","Chengdu begins, Chengdu ends",3,12,1000.00,unknown,,true,false,true,3,0,0,0,0,4,Fri Jan 23 2026 06:00:10 GMT+0800 (China Standard Time),false,false,
5d2baed2-a662-4fe5-8b49-8d8ee0f16483,tibetan-qiang-villages-with-bipenggou-2-day-tour,inactive,Explore Together,Tibetan & Qiang Villages with Bipenggou 2-Day Tour,Tibetan & Qiang Villages with Bipenggou 2-Day Tour,"Chengdu begins, Chengdu ends","Chengdu begins, Chengdu ends",2,12,1000.00,unknown,,true,false,true,2,0,0,0,0,0,Fri Jan 23 2026 06:00:09 GMT+0800 (China Standard Time),false,false,
6ab8d247-4eae-47dc-b344-17ed2352dd1c,wulong-pengshui-by-high-speed-rail-2-day-tour,inactive,Explore Together,Wulong & Pengshui by High-Speed Rail 2-Day Tour,Wulong & Pengshui by High-Speed Rail 2-Day Tour,"Chongqing begins, Chongqingends","Chongqing begins, Chongqingends",2,12,1000.00,unknown,,true,false,true,2,0,0,0,0,0,Fri Jan 23 2026 06:00:08 GMT+0800 (China Standard Time),false,false,
d48f2466-e466-4801-886c-cd28c6cc97c6,chongqing-highlights-magic-cityscape-day-tour,active,Explore Together,Chongqing Highlights & Magic Cityscape Day Tour,Chongqing Highlights & Magic Cityscape Day Tour | Korascale Travel,"Chongqing begins, Chongqing ends","Chongqing begins, Chongqing ends",1,12,203.00,unknown,,true,false,true,4,0,0,0,0,4,Thu Feb 26 2026 04:18:43 GMT+0800 (China Standard Time),true,true,
f0f123a2-0413-4050-99d8-46f2b0cd8ec9,chengdu-panda-dujiangyan-mt-qingcheng-2-day-classic-tour,inactive,Explore Together,"Chengdu Panda, Dujiangyan & Mt. Qingcheng 2-Day Classic Tour","Chengdu Panda, Dujiangyan & Mt. Qingcheng 2-Day Classic Tour","Chengdu begins, Chengdu ends","Chengdu begins, Chengdu ends",2,12,1000.00,unknown,,true,false,true,2,0,0,0,0,0,Fri Jan 23 2026 06:00:13 GMT+0800 (China Standard Time),false,false,
22567336-9280-46a9-9309-73f1dc45bf01,phoenix-ancient-town-aizhai-bridge-2-day-tour,inactive,Explore Together,Phoenix Ancient Town & Aizhai Bridge 2-Day Tour,Phoenix Ancient Town & Aizhai Bridge 2-Day Tour | Korascale Travel,"Zhangjiajie begins, Zhangjiajie ends","Zhangjiajie begins, Zhangjiajie ends",2,12,1000.00,unknown,,true,false,true,2,0,0,0,0,4,Fri Jan 23 2026 06:00:14 GMT+0800 (China Standard Time),false,false,
062f363b-eabb-493c-a15b-fe769db12ac5,jiuzhaigou-huanglong-by-high-speed-rail-3-day-tour,active,Explore Together,Jiuzhaigou & Huanglong by High-Speed Rail 3-Day Tour,Jiuzhaigou & Huanglong by High-Speed Rail 3-Day Tour | Korascale Travel,"Chengdu begins, Chengdu ends","Chengdu begins, Chengdu ends",3,8,786.00,unknown,,true,false,true,3,0,0,0,0,4,Thu Feb 26 2026 04:16:21 GMT+0800 (China Standard Time),true,true,
2952bb01-6cb2-452e-b1c9-ee25c19b2dcb,xichang-lake-ancient-town-day-tour,inactive,Explore Together,Xichang Lake & Ancient Town Day Tour,Xichang Lake & Ancient Town Day Tour,"Xichang begins, Xichang ends","Xichang begins, Xichang ends",1,12,1000.00,unknown,,true,false,true,1,0,0,0,0,0,Fri Jan 23 2026 06:00:17 GMT+0800 (China Standard Time),false,false,
6cbaf3e2-63ef-4d78-b1cb-1ed4ef635d13,chongqing-retro-modern-day-tour,inactive,Explore Together,Chongqing Retro & Modern Day Tour,Chongqing Retro & Modern Day Tour,"Chongqing begins, Chongqing ends","Chongqing begins, Chongqing ends",1,12,1000.00,unknown,,true,false,true,1,0,0,0,0,0,Fri Jan 23 2026 06:00:16 GMT+0800 (China Standard Time),false,false,
28ae5874-2c8f-4f88-895e-09cb45c36872,leshan-buddha-emei-mountain-2-day-tour,active,Explore Together,Leshan Buddha & Emei Mountain 2-Day Tour,Leshan Buddha & Emei Mountain 2-Day Tour | Korascale Travel,"Chengdu begins, Chengdu ends","Chengdu begins, Chengdu ends",2,8,456.00,unknown,,true,false,true,2,0,0,0,0,4,Thu Feb 26 2026 04:14:11 GMT+0800 (China Standard Time),true,true,
8a6bf407-eb4e-4864-8e1d-091ab007ef59,xichang-luojishan-waterfall-hot-spring-day-tour,inactive,Explore Together,Xichang & Luojishan Waterfall Hot Spring Day Tour,Xichang & Luojishan Waterfall Hot Spring Day Tour,"Xichang begins, Xichang ends","Xichang begins, Xichang ends",1,12,1000.00,unknown,,true,false,true,1,0,0,0,0,0,Fri Jan 23 2026 06:00:21 GMT+0800 (China Standard Time),false,false,
3ec32480-b591-470f-bd10-9714c84588ef,chengdu-panda-ancient-irrigation-day-tour,inactive,Explore Together,Chengdu Panda & Ancient Irrigation Day Tour,Chengdu Panda & Ancient Irrigation Day Tour,"Chengdu begins, Chengdu ends","Chengdu begins, Chengdu ends",1,12,1000.00,unknown,,true,false,true,1,6,0,0,0,0,Fri Jan 23 2026 06:00:22 GMT+0800 (China Standard Time),false,false,
1a95095c-9f0d-4b6d-a30e-8084a7277304,chongqing-wulong-karst,inactive,Explore Together,Wulong Karst 2-Day Discovery Tour,Wulong Karst 2-Day Discovery Tour | Korascale Travel,"Chongqing begins, Chongqing ends","Chongqing begins, Chongqing ends",2,8,399.00,unknown,,true,false,true,2,4,0,0,0,4,Fri Jan 23 2026 06:00:23 GMT+0800 (China Standard Time),false,false,
e468b842-7c59-4258-8d56-8b585566be82,/journeys/chengdu-panda-alley-culture-day-tour,inactive,,Chengdu Panda & Alley Culture Day Tour,Chengdu Panda & Alley Culture Day Tour | Korascale Travel,"Chengdu begins, Chengdu ends","Chengdu begins, Chengdu ends",1,12,185.00,unknown,,true,false,true,3,4,0,0,0,4,Thu Feb 26 2026 04:19:12 GMT+0800 (China Standard Time),false,false,
