id,slug,title,data_page_title,title_fallback,resolved_page_title,page_title_column_before,page_title_proposed,page_title_source,data_meta_description,short_description_fallback,resolved_meta_description,meta_description_column_before,meta_description_proposed,meta_description_source,data_hero_image,image_fallback,resolved_hero_image_url,hero_image_url_column_before,hero_image_url_proposed,hero_image_source,legacy_journey_type,data_journey_type,resolved_journey_type_slug,journey_type_slug_column_before,journey_type_slug_proposed,journey_type_slug_source,manual_review,reason
37f6a3ae-f758-4449-83f5-e036c83f189d,badaling-great-wall-day-tour,Badaling Great Wall Day Tour,Badaling Great Wall Day Tour,Badaling Great Wall Day Tour,Badaling Great Wall Day Tour,,Badaling Great Wall Day Tour,data.pageTitle,,"Beijing begins, Beijing ends","Beijing begins, Beijing ends",,"Beijing begins, Beijing ends",short_description,https://kbnup6n3k5ja0hg2.public.blob.vercel-storage.com/journeys/1771747900791-%E4%B8%BB%E5%9B%BE-%E5%85%AB%E8%BE%BE%E5%B2%AD%E9%95%BF%E5%9F%8E-%E6%A8%AA%E5%9B%BE-I5XJSRFtV6au0gTCTXw6TWd7UoT4fh.jpg,https://kbnup6n3k5ja0hg2.public.blob.vercel-storage.com/journeys/1771747900791-%E4%B8%BB%E5%9B%BE-%E5%85%AB%E8%BE%BE%E5%B2%AD%E9%95%BF%E5%9F%8E-%E6%A8%AA%E5%9B%BE-I5XJSRFtV6au0gTCTXw6TWd7UoT4fh.jpg,https://kbnup6n3k5ja0hg2.public.blob.vercel-storage.com/journeys/1771747900791-%E4%B8%BB%E5%9B%BE-%E5%85%AB%E8%BE%BE%E5%B2%AD%E9%95%BF%E5%9F%8E-%E6%A8%AA%E5%9B%BE-I5XJSRFtV6au0gTCTXw6TWd7UoT4fh.jpg,,https://kbnup6n3k5ja0hg2.public.blob.vercel-storage.com/journeys/1771747900791-%E4%B8%BB%E5%9B%BE-%E5%85%AB%E8%BE%BE%E5%B2%AD%E9%95%BF%E5%9F%8E-%E6%A8%AA%E5%9B%BE-I5XJSRFtV6au0gTCTXw6TWd7UoT4fh.jpg,data.heroImage,Explore Together,,explore-together,,explore-together,legacy_journey_type,false,active metadata backfill candidate
3468ea14-5f5e-40f6-9234-0fedf137189e,beijing-city-imperial-grandeur-urban-chic-1-day-tour,Beijing City Imperial Grandeur & Urban Chic One-Day Tour,Beijing City Imperial Grandeur & Urban Chic 1-Day Tour,Beijing City Imperial Grandeur & Urban Chic One-Day Tour,Beijing City Imperial Grandeur & Urban Chic 1-Day Tour,,Beijing City Imperial Grandeur & Urban Chic 1-Day Tour,data.pageTitle,,Navigating the Monumental Scale of Dynastic History and the Avant-Garde Ambition of a Modern Metropolis.,Navigating the Monumental Scale of Dynastic History and the Avant-Garde Ambition of a Modern Metropolis.,,Navigating the Monumental Scale of Dynastic History and the Avant-Garde Ambition of a Modern Metropolis.,short_description,https://kbnup6n3k5ja0hg2.public.blob.vercel-storage.com/journeys/1771749910450-%E4%B8%BB%E5%9B%BE-%E6%95%85%E5%AE%AB-%E6%A8%AA%E5%9B%BE-v6JynohkI6UiYbNv4kXh63fUsV6p7N.jpeg,https://kbnup6n3k5ja0hg2.public.blob.vercel-storage.com/journeys/1771749910450-%E4%B8%BB%E5%9B%BE-%E6%95%85%E5%AE%AB-%E6%A8%AA%E5%9B%BE-v6JynohkI6UiYbNv4kXh63fUsV6p7N.jpeg,https://kbnup6n3k5ja0hg2.public.blob.vercel-storage.com/journeys/1771749910450-%E4%B8%BB%E5%9B%BE-%E6%95%85%E5%AE%AB-%E6%A8%AA%E5%9B%BE-v6JynohkI6UiYbNv4kXh63fUsV6p7N.jpeg,,https://kbnup6n3k5ja0hg2.public.blob.vercel-storage.com/journeys/1771749910450-%E4%B8%BB%E5%9B%BE-%E6%95%85%E5%AE%AB-%E6%A8%AA%E5%9B%BE-v6JynohkI6UiYbNv4kXh63fUsV6p7N.jpeg,data.heroImage,Explore Together,,explore-together,,explore-together,legacy_journey_type,false,active metadata backfill candidate
8f3cdc36-f243-45da-b3b5-ecfba83929a6,beijing-cultural-highlights-and-iconic-sights-5-multi-days-tour,"Beijing Cultural Highlights, and Iconic Sights  5 Multi-Days Tour","Beijing Cultural Highlights, and Iconic Sights  5 Multi-Days Tour","Beijing Cultural Highlights, and Iconic Sights  5 Multi-Days Tour","Beijing Cultural Highlights, and Iconic Sights  5 Multi-Days Tour",,"Beijing Cultural Highlights, and Iconic Sights  5 Multi-Days Tour",data.pageTitle,,"Beijing begins, Beijing ends","Beijing begins, Beijing ends",,"Beijing begins, Beijing ends",short_description,https://kbnup6n3k5ja0hg2.public.blob.vercel-storage.com/journeys/1766842579054-%E4%B8%BB%E5%9B%BE-%E6%A8%AA%E5%9B%BE-hjLT44tBhGSiUk0G8wk7chpW0Yu8Iy.jpeg,https://kbnup6n3k5ja0hg2.public.blob.vercel-storage.com/journeys/1766842579054-%E4%B8%BB%E5%9B%BE-%E6%A8%AA%E5%9B%BE-hjLT44tBhGSiUk0G8wk7chpW0Yu8Iy.jpeg,https://kbnup6n3k5ja0hg2.public.blob.vercel-storage.com/journeys/1766842579054-%E4%B8%BB%E5%9B%BE-%E6%A8%AA%E5%9B%BE-hjLT44tBhGSiUk0G8wk7chpW0Yu8Iy.jpeg,,https://kbnup6n3k5ja0hg2.public.blob.vercel-storage.com/journeys/1766842579054-%E4%B8%BB%E5%9B%BE-%E6%A8%AA%E5%9B%BE-hjLT44tBhGSiUk0G8wk7chpW0Yu8Iy.jpeg,data.heroImage,Deep Discovery,,deep-discovery,,deep-discovery,legacy_journey_type,false,active metadata backfill candidate
d5e5c0e9-6549-497a-97a3-4843621da5dc,beijing-to-mutianyu-great-wall-day-tour,Beijing to Mutianyu Great Wall Day Tour,Beijing to Mutianyu Great Wall Day Tour,Beijing to Mutianyu Great Wall Day Tour,Beijing to Mutianyu Great Wall Day Tour,,Beijing to Mutianyu Great Wall Day Tour,data.pageTitle,,"Beijing begins, Beijing ends","Beijing begins, Beijing ends",,"Beijing begins, Beijing ends",short_description,https://kbnup6n3k5ja0hg2.public.blob.vercel-storage.com/journeys/1771688549942-%E4%B8%BB%E5%9B%BE-%E6%85%95%E7%94%B0%E5%B3%AA%E9%95%BF%E5%9F%8E-%E6%A8%AA%E5%9B%BE-fwCKaJ5Q0zNkoOew79SY9tN8SXCMSe.jpg,https://kbnup6n3k5ja0hg2.public.blob.vercel-storage.com/journeys/1771688549942-%E4%B8%BB%E5%9B%BE-%E6%85%95%E7%94%B0%E5%B3%AA%E9%95%BF%E5%9F%8E-%E6%A8%AA%E5%9B%BE-fwCKaJ5Q0zNkoOew79SY9tN8SXCMSe.jpg,https://kbnup6n3k5ja0hg2.public.blob.vercel-storage.com/journeys/1771688549942-%E4%B8%BB%E5%9B%BE-%E6%85%95%E7%94%B0%E5%B3%AA%E9%95%BF%E5%9F%8E-%E6%A8%AA%E5%9B%BE-fwCKaJ5Q0zNkoOew79SY9tN8SXCMSe.jpg,,https://kbnup6n3k5ja0hg2.public.blob.vercel-storage.com/journeys/1771688549942-%E4%B8%BB%E5%9B%BE-%E6%85%95%E7%94%B0%E5%B3%AA%E9%95%BF%E5%9F%8E-%E6%A8%AA%E5%9B%BE-fwCKaJ5Q0zNkoOew79SY9tN8SXCMSe.jpg,data.heroImage,Explore Together,,explore-together,,explore-together,legacy_journey_type,false,active metadata backfill candidate
4d3bbbb8-3907-459b-af10-181ace7af8ec,beijing-to-shanxi-ancient-architecture-with-black-myth-wukong-inspirations-6-day-tour,Beijing to Shanxi Ancient Architecture with Black Myth: Wukong Inspirations  6-Day Tour,Beijing to Shanxi Ancient Architecture with Black Myth: Wukong Inspirations  6-Day Tour,Beijing to Shanxi Ancient Architecture with Black Myth: Wukong Inspirations  6-Day Tour,Beijing to Shanxi Ancient Architecture with Black Myth: Wukong Inspirations  6-Day Tour,,Beijing to Shanxi Ancient Architecture with Black Myth: Wukong Inspirations  6-Day Tour,data.pageTitle,,"Beijing begins, Xi’an ends","Beijing begins, Xi’an ends",,"Beijing begins, Xi’an ends",short_description,https://kbnup6n3k5ja0hg2.public.blob.vercel-storage.com/journeys/1766845845305-D1-%E5%A4%A7%E5%90%8C%E5%8F%A4%E5%9F%8E-%E7%AB%96%E5%9B%BE-CvfB9ls8Q7HhZavjCmqai1HKdlUgqN.jpeg,https://kbnup6n3k5ja0hg2.public.blob.vercel-storage.com/journeys/1766845845305-D1-%E5%A4%A7%E5%90%8C%E5%8F%A4%E5%9F%8E-%E7%AB%96%E5%9B%BE-CvfB9ls8Q7HhZavjCmqai1HKdlUgqN.jpeg,https://kbnup6n3k5ja0hg2.public.blob.vercel-storage.com/journeys/1766845845305-D1-%E5%A4%A7%E5%90%8C%E5%8F%A4%E5%9F%8E-%E7%AB%96%E5%9B%BE-CvfB9ls8Q7HhZavjCmqai1HKdlUgqN.jpeg,,https://kbnup6n3k5ja0hg2.public.blob.vercel-storage.com/journeys/1766845845305-D1-%E5%A4%A7%E5%90%8C%E5%8F%A4%E5%9F%8E-%E7%AB%96%E5%9B%BE-CvfB9ls8Q7HhZavjCmqai1HKdlUgqN.jpeg,data.heroImage,Deep Discovery,,deep-discovery,,deep-discovery,legacy_journey_type,false,active metadata backfill candidate
12da1d30-0d8d-49df-b350-fe6880c56ab8,chaoshan-region-cultural-heritage-6-day-tour,Chaoshan Region Cultural Heritage 6-Day  Tour,Chaoshan Region Cultural Heritage 6-Day  Tour,Chaoshan Region Cultural Heritage 6-Day  Tour,Chaoshan Region Cultural Heritage 6-Day  Tour,,Chaoshan Region Cultural Heritage 6-Day  Tour,data.pageTitle,,"Chaozhou begins, Jieyang ends","Chaozhou begins, Jieyang ends",,"Chaozhou begins, Jieyang ends",short_description,https://kbnup6n3k5ja0hg2.public.blob.vercel-storage.com/journeys/1767327974888-%E4%B8%BB%E5%9B%BE-%E6%BD%AE%E6%B1%95-%E6%A8%AA%E5%9B%BE-7jm5TXOGouZn5XH3Bz7nlBoG5zBjVF.jpeg,https://kbnup6n3k5ja0hg2.public.blob.vercel-storage.com/journeys/1767327974888-%E4%B8%BB%E5%9B%BE-%E6%BD%AE%E6%B1%95-%E6%A8%AA%E5%9B%BE-7jm5TXOGouZn5XH3Bz7nlBoG5zBjVF.jpeg,https://kbnup6n3k5ja0hg2.public.blob.vercel-storage.com/journeys/1767327974888-%E4%B8%BB%E5%9B%BE-%E6%BD%AE%E6%B1%95-%E6%A8%AA%E5%9B%BE-7jm5TXOGouZn5XH3Bz7nlBoG5zBjVF.jpeg,,https://kbnup6n3k5ja0hg2.public.blob.vercel-storage.com/journeys/1767327974888-%E4%B8%BB%E5%9B%BE-%E6%BD%AE%E6%B1%95-%E6%A8%AA%E5%9B%BE-7jm5TXOGouZn5XH3Bz7nlBoG5zBjVF.jpeg,data.heroImage,Deep Discovery,,deep-discovery,,deep-discovery,legacy_journey_type,false,active metadata backfill candidate
535ac95b-f891-4e1c-916f-57028d7cb9e0,chengdu-chongqing-double-cities-6-day-tour,Chengdu & Chongqing Double Cities 6-Day  Tour,Chengdu & Chongqing Double Cities 6-Day  Tour,Chengdu & Chongqing Double Cities 6-Day  Tour,Chengdu & Chongqing Double Cities 6-Day  Tour,,Chengdu & Chongqing Double Cities 6-Day  Tour,data.pageTitle,,"Chengdu begins, Chongqing ends","Chengdu begins, Chongqing ends",,"Chengdu begins, Chongqing ends",short_description,https://kbnup6n3k5ja0hg2.public.blob.vercel-storage.com/journeys/1767711463448-%E4%B8%BB%E5%9B%BE%E2%80%94%E6%88%90%E9%83%BD%E2%80%94%E6%A8%AA%E5%9B%BE-04q2MMWKiamDwGcgjVXGn3ZSuZYpTS.png,https://kbnup6n3k5ja0hg2.public.blob.vercel-storage.com/journeys/1767711463448-%E4%B8%BB%E5%9B%BE%E2%80%94%E6%88%90%E9%83%BD%E2%80%94%E6%A8%AA%E5%9B%BE-04q2MMWKiamDwGcgjVXGn3ZSuZYpTS.png,https://kbnup6n3k5ja0hg2.public.blob.vercel-storage.com/journeys/1767711463448-%E4%B8%BB%E5%9B%BE%E2%80%94%E6%88%90%E9%83%BD%E2%80%94%E6%A8%AA%E5%9B%BE-04q2MMWKiamDwGcgjVXGn3ZSuZYpTS.png,,https://kbnup6n3k5ja0hg2.public.blob.vercel-storage.com/journeys/1767711463448-%E4%B8%BB%E5%9B%BE%E2%80%94%E6%88%90%E9%83%BD%E2%80%94%E6%A8%AA%E5%9B%BE-04q2MMWKiamDwGcgjVXGn3ZSuZYpTS.png,data.heroImage,Deep Discovery,,deep-discovery,,deep-discovery,legacy_journey_type,false,active metadata backfill candidate
d48f2466-e466-4801-886c-cd28c6cc97c6,chongqing-highlights-magic-cityscape-day-tour,Chongqing Highlights & Magic Cityscape Day Tour,Chongqing Highlights & Magic Cityscape Day Tour | Korascale Travel,Chongqing Highlights & Magic Cityscape Day Tour,Chongqing Highlights & Magic Cityscape Day Tour | Korascale Travel,,Chongqing Highlights & Magic Cityscape Day Tour | Korascale Travel,data.pageTitle,,"Chongqing begins, Chongqing ends","Chongqing begins, Chongqing ends",,"Chongqing begins, Chongqing ends",short_description,https://kbnup6n3k5ja0hg2.public.blob.vercel-storage.com/journeys/1771754676598-%E4%B8%BB%E5%9B%BE-%E9%87%8D%E5%BA%86%E5%B8%82%E5%8C%BA-%E6%A8%AA%E5%9B%BE-RG3wOzUWFTX4jHSQYUlZmKppYZJZk3.jpeg,https://kbnup6n3k5ja0hg2.public.blob.vercel-storage.com/journeys/1771754676598-%E4%B8%BB%E5%9B%BE-%E9%87%8D%E5%BA%86%E5%B8%82%E5%8C%BA-%E6%A8%AA%E5%9B%BE-RG3wOzUWFTX4jHSQYUlZmKppYZJZk3.jpeg,https://kbnup6n3k5ja0hg2.public.blob.vercel-storage.com/journeys/1771754676598-%E4%B8%BB%E5%9B%BE-%E9%87%8D%E5%BA%86%E5%B8%82%E5%8C%BA-%E6%A8%AA%E5%9B%BE-RG3wOzUWFTX4jHSQYUlZmKppYZJZk3.jpeg,,https://kbnup6n3k5ja0hg2.public.blob.vercel-storage.com/journeys/1771754676598-%E4%B8%BB%E5%9B%BE-%E9%87%8D%E5%BA%86%E5%B8%82%E5%8C%BA-%E6%A8%AA%E5%9B%BE-RG3wOzUWFTX4jHSQYUlZmKppYZJZk3.jpeg,data.heroImage,Explore Together,,explore-together,,explore-together,legacy_journey_type,false,active metadata backfill candidate
9b0aefcc-3604-4d5c-bcc2-0b8ee80bb621,grand-china-highlands-nature-18-day-journey,Grand China Highlands & Nature 18-Day Journey,Grand China Highlands & Nature 18-Day Journey,Grand China Highlands & Nature 18-Day Journey,Grand China Highlands & Nature 18-Day Journey,,Grand China Highlands & Nature 18-Day Journey,data.pageTitle,,Shanghai begins · Lijiang · Shangri-La · Lhasa · Everest · Shigatse · Beijing ends,Shanghai begins · Lijiang · Shangri-La · Lhasa · Everest · Shigatse · Beijing ends,,Shanghai begins · Lijiang · Shangri-La · Lhasa · Everest · Shigatse · Beijing ends,short_description,https://kbnup6n3k5ja0hg2.public.blob.vercel-storage.com/journeys/1769923887089-%E4%B8%BB%E5%9B%BE-%E5%B8%83%E8%BE%BE%E6%8B%89%E5%AE%AB-%E6%A8%AA%E5%9B%BE-nUl8p9O9Z5vEKsSj7GdfgyRSebzbRu.jpeg,https://kbnup6n3k5ja0hg2.public.blob.vercel-storage.com/journeys/1769923887089-%E4%B8%BB%E5%9B%BE-%E5%B8%83%E8%BE%BE%E6%8B%89%E5%AE%AB-%E6%A8%AA%E5%9B%BE-nUl8p9O9Z5vEKsSj7GdfgyRSebzbRu.jpeg,https://kbnup6n3k5ja0hg2.public.blob.vercel-storage.com/journeys/1769923887089-%E4%B8%BB%E5%9B%BE-%E5%B8%83%E8%BE%BE%E6%8B%89%E5%AE%AB-%E6%A8%AA%E5%9B%BE-nUl8p9O9Z5vEKsSj7GdfgyRSebzbRu.jpeg,,https://kbnup6n3k5ja0hg2.public.blob.vercel-storage.com/journeys/1769923887089-%E4%B8%BB%E5%9B%BE-%E5%B8%83%E8%BE%BE%E6%8B%89%E5%AE%AB-%E6%A8%AA%E5%9B%BE-nUl8p9O9Z5vEKsSj7GdfgyRSebzbRu.jpeg,data.heroImage,Deep Discovery,,deep-discovery,,deep-discovery,legacy_journey_type,false,active metadata backfill candidate
eb9647df-6b38-46be-9920-9b80f27a9d2e,grand-china-highlights-16-day-multi-city-journey,Grand China Highlights 16-Day Multi-City Journey,Grand China Highlights 16-Day Multi-City Journey,Grand China Highlights 16-Day Multi-City Journey,Grand China Highlights 16-Day Multi-City Journey,,Grand China Highlights 16-Day Multi-City Journey,data.pageTitle,,Beijing begins · Xi’an · Chengdu · Chongqing · Guilin · Shanghai ends,Beijing begins · Xi’an · Chengdu · Chongqing · Guilin · Shanghai ends,,Beijing begins · Xi’an · Chengdu · Chongqing · Guilin · Shanghai ends,short_description,https://kbnup6n3k5ja0hg2.public.blob.vercel-storage.com/journeys/1769921047051-%E4%B8%BB%E5%9B%BE-%E6%A1%82%E6%9E%97%E5%B1%B1%E6%B0%B4-%E6%A8%AA%E5%9B%BE-6aJddp5N5BEhJi8dKhKOYiIG2vEqPw.jpg,https://kbnup6n3k5ja0hg2.public.blob.vercel-storage.com/journeys/1769921047051-%E4%B8%BB%E5%9B%BE-%E6%A1%82%E6%9E%97%E5%B1%B1%E6%B0%B4-%E6%A8%AA%E5%9B%BE-6aJddp5N5BEhJi8dKhKOYiIG2vEqPw.jpg,https://kbnup6n3k5ja0hg2.public.blob.vercel-storage.com/journeys/1769921047051-%E4%B8%BB%E5%9B%BE-%E6%A1%82%E6%9E%97%E5%B1%B1%E6%B0%B4-%E6%A8%AA%E5%9B%BE-6aJddp5N5BEhJi8dKhKOYiIG2vEqPw.jpg,,https://kbnup6n3k5ja0hg2.public.blob.vercel-storage.com/journeys/1769921047051-%E4%B8%BB%E5%9B%BE-%E6%A1%82%E6%9E%97%E5%B1%B1%E6%B0%B4-%E6%A8%AA%E5%9B%BE-6aJddp5N5BEhJi8dKhKOYiIG2vEqPw.jpg,data.heroImage,Deep Discovery,,deep-discovery,,deep-discovery,legacy_journey_type,false,active metadata backfill candidate
4a22ea8c-15a2-4b39-b1d2-c7b3d3e32fd7,guangzhou-chaoshan-xiamen-cultural-loop-8-day-tour,"Guangzhou, Chaoshan & Xiamen  Cultural Loop 8-Day Tour","Guangzhou, Chaoshan & Xiamen  Cultural Loop 8-Day Tour","Guangzhou, Chaoshan & Xiamen  Cultural Loop 8-Day Tour","Guangzhou, Chaoshan & Xiamen  Cultural Loop 8-Day Tour",,"Guangzhou, Chaoshan & Xiamen  Cultural Loop 8-Day Tour",data.pageTitle,,"Guangzhou begins, Xiamen ends","Guangzhou begins, Xiamen ends",,"Guangzhou begins, Xiamen ends",short_description,https://kbnup6n3k5ja0hg2.public.blob.vercel-storage.com/journeys/1767336091625-%E4%B8%BB%E5%9B%BE-%E9%BC%93%E6%B5%AA%E5%B1%BF-%E6%A8%AA%E5%9B%BE-BYoPelIP7Z05GUaamn23ttGm6vw8O0.jpeg,https://kbnup6n3k5ja0hg2.public.blob.vercel-storage.com/journeys/1767336091625-%E4%B8%BB%E5%9B%BE-%E9%BC%93%E6%B5%AA%E5%B1%BF-%E6%A8%AA%E5%9B%BE-BYoPelIP7Z05GUaamn23ttGm6vw8O0.jpeg,https://kbnup6n3k5ja0hg2.public.blob.vercel-storage.com/journeys/1767336091625-%E4%B8%BB%E5%9B%BE-%E9%BC%93%E6%B5%AA%E5%B1%BF-%E6%A8%AA%E5%9B%BE-BYoPelIP7Z05GUaamn23ttGm6vw8O0.jpeg,,https://kbnup6n3k5ja0hg2.public.blob.vercel-storage.com/journeys/1767336091625-%E4%B8%BB%E5%9B%BE-%E9%BC%93%E6%B5%AA%E5%B1%BF-%E6%A8%AA%E5%9B%BE-BYoPelIP7Z05GUaamn23ttGm6vw8O0.jpeg,data.heroImage,Deep Discovery,,deep-discovery,,deep-discovery,legacy_journey_type,false,active metadata backfill candidate
d2be5f8a-75a3-453a-88e6-a13c8baa70d4,guilin-to-yangshuo-classic-7-day-tour,Guilin to Yangshuo  Classic 7-Day Tour,Guilin to Yangshuo  Classic 7-Day Tour,Guilin to Yangshuo  Classic 7-Day Tour,Guilin to Yangshuo  Classic 7-Day Tour,,Guilin to Yangshuo  Classic 7-Day Tour,data.pageTitle,,"Guilin begins, Guilin ends","Guilin begins, Guilin ends",,"Guilin begins, Guilin ends",short_description,https://kbnup6n3k5ja0hg2.public.blob.vercel-storage.com/journeys/1767280379682-%E4%B8%BB%E5%9B%BE-%E6%A1%82%E6%9E%97%E5%B1%B1%E6%B0%B4-%E6%A8%AA%E5%9B%BE-cWIzMKou5RqE2x2ZWYvmqGdEZE6S1g.jpg,https://kbnup6n3k5ja0hg2.public.blob.vercel-storage.com/journeys/1767280379682-%E4%B8%BB%E5%9B%BE-%E6%A1%82%E6%9E%97%E5%B1%B1%E6%B0%B4-%E6%A8%AA%E5%9B%BE-cWIzMKou5RqE2x2ZWYvmqGdEZE6S1g.jpg,https://kbnup6n3k5ja0hg2.public.blob.vercel-storage.com/journeys/1767280379682-%E4%B8%BB%E5%9B%BE-%E6%A1%82%E6%9E%97%E5%B1%B1%E6%B0%B4-%E6%A8%AA%E5%9B%BE-cWIzMKou5RqE2x2ZWYvmqGdEZE6S1g.jpg,,https://kbnup6n3k5ja0hg2.public.blob.vercel-storage.com/journeys/1767280379682-%E4%B8%BB%E5%9B%BE-%E6%A1%82%E6%9E%97%E5%B1%B1%E6%B0%B4-%E6%A8%AA%E5%9B%BE-cWIzMKou5RqE2x2ZWYvmqGdEZE6S1g.jpg,data.heroImage,Deep Discovery,,deep-discovery,,deep-discovery,legacy_journey_type,false,active metadata backfill candidate
fe99d869-cb67-4ba7-8791-ecdfa38c2701,huangshan-to-huizhou-ancient-villages-6-day-tour,Huangshan to Huizhou Ancient Villages 6-Day Tour,Huangshan to Huizhou Ancient Villages 6-Day Tour,Huangshan to Huizhou Ancient Villages 6-Day Tour,Huangshan to Huizhou Ancient Villages 6-Day Tour,,Huangshan to Huizhou Ancient Villages 6-Day Tour,data.pageTitle,,"Huangshan begins, Huangshan ends","Huangshan begins, Huangshan ends",,"Huangshan begins, Huangshan ends",short_description,https://kbnup6n3k5ja0hg2.public.blob.vercel-storage.com/journeys/1767340686645-%E4%B8%BB%E5%9B%BE-%E8%BF%8E%E5%AE%A2%E6%9D%BE-%E6%A8%AA%E5%9B%BE-4FOkmcw5y1HwAvY72Ou2giwRIEIiE4.jpg,https://kbnup6n3k5ja0hg2.public.blob.vercel-storage.com/journeys/1767340686645-%E4%B8%BB%E5%9B%BE-%E8%BF%8E%E5%AE%A2%E6%9D%BE-%E6%A8%AA%E5%9B%BE-4FOkmcw5y1HwAvY72Ou2giwRIEIiE4.jpg,https://kbnup6n3k5ja0hg2.public.blob.vercel-storage.com/journeys/1767340686645-%E4%B8%BB%E5%9B%BE-%E8%BF%8E%E5%AE%A2%E6%9D%BE-%E6%A8%AA%E5%9B%BE-4FOkmcw5y1HwAvY72Ou2giwRIEIiE4.jpg,,https://kbnup6n3k5ja0hg2.public.blob.vercel-storage.com/journeys/1767340686645-%E4%B8%BB%E5%9B%BE-%E8%BF%8E%E5%AE%A2%E6%9D%BE-%E6%A8%AA%E5%9B%BE-4FOkmcw5y1HwAvY72Ou2giwRIEIiE4.jpg,data.heroImage,Deep Discovery,,deep-discovery,,deep-discovery,legacy_journey_type,false,active metadata backfill candidate
aa64bf32-d48f-4d5a-8bb7-e0e85353de5c,jiuzhaigou-cultural-adventure-4-day-tour,Chengdu to Jiuzhaigou & Huanglong 6-Day Nature & Culture Tour,Jiuzhaigou Cultural & Adventure 4-Day Tour,Chengdu to Jiuzhaigou & Huanglong 6-Day Nature & Culture Tour,Jiuzhaigou Cultural & Adventure 4-Day Tour,,Jiuzhaigou Cultural & Adventure 4-Day Tour,data.pageTitle,,"Chengdu begins, Chengdu ends","Chengdu begins, Chengdu ends",,"Chengdu begins, Chengdu ends",short_description,https://kbnup6n3k5ja0hg2.public.blob.vercel-storage.com/journeys/1767714076358-%E4%B8%BB%E5%9B%BE-%E4%B9%9D%E5%AF%A8%E6%B2%9F-%E6%A8%AA%E5%9B%BE-z8k3mNCllKHJa6CARBGLsPC7wPmzDb.jpeg,https://kbnup6n3k5ja0hg2.public.blob.vercel-storage.com/journeys/1767714076358-%E4%B8%BB%E5%9B%BE-%E4%B9%9D%E5%AF%A8%E6%B2%9F-%E6%A8%AA%E5%9B%BE-z8k3mNCllKHJa6CARBGLsPC7wPmzDb.jpeg,https://kbnup6n3k5ja0hg2.public.blob.vercel-storage.com/journeys/1767714076358-%E4%B8%BB%E5%9B%BE-%E4%B9%9D%E5%AF%A8%E6%B2%9F-%E6%A8%AA%E5%9B%BE-z8k3mNCllKHJa6CARBGLsPC7wPmzDb.jpeg,,https://kbnup6n3k5ja0hg2.public.blob.vercel-storage.com/journeys/1767714076358-%E4%B8%BB%E5%9B%BE-%E4%B9%9D%E5%AF%A8%E6%B2%9F-%E6%A8%AA%E5%9B%BE-z8k3mNCllKHJa6CARBGLsPC7wPmzDb.jpeg,data.heroImage,Deep Discovery,,deep-discovery,,deep-discovery,legacy_journey_type,false,active metadata backfill candidate
062f363b-eabb-493c-a15b-fe769db12ac5,jiuzhaigou-huanglong-by-high-speed-rail-3-day-tour,Jiuzhaigou & Huanglong by High-Speed Rail 3-Day Tour,Jiuzhaigou & Huanglong by High-Speed Rail 3-Day Tour | Korascale Travel,Jiuzhaigou & Huanglong by High-Speed Rail 3-Day Tour,Jiuzhaigou & Huanglong by High-Speed Rail 3-Day Tour | Korascale Travel,,Jiuzhaigou & Huanglong by High-Speed Rail 3-Day Tour | Korascale Travel,data.pageTitle,,"Chengdu begins, Chengdu ends","Chengdu begins, Chengdu ends",,"Chengdu begins, Chengdu ends",short_description,https://kbnup6n3k5ja0hg2.public.blob.vercel-storage.com/journeys/1771753923521-%E4%B8%BB%E5%9B%BE-%E4%B9%9D%E5%AF%A8%E6%B2%9F-%E6%A8%AA%E5%9B%BE-RBIWFJFZDyD8TzHhytYjCAmfndXhda.jpeg,https://kbnup6n3k5ja0hg2.public.blob.vercel-storage.com/journeys/1771753923521-%E4%B8%BB%E5%9B%BE-%E4%B9%9D%E5%AF%A8%E6%B2%9F-%E6%A8%AA%E5%9B%BE-RBIWFJFZDyD8TzHhytYjCAmfndXhda.jpeg,https://kbnup6n3k5ja0hg2.public.blob.vercel-storage.com/journeys/1771753923521-%E4%B8%BB%E5%9B%BE-%E4%B9%9D%E5%AF%A8%E6%B2%9F-%E6%A8%AA%E5%9B%BE-RBIWFJFZDyD8TzHhytYjCAmfndXhda.jpeg,,https://kbnup6n3k5ja0hg2.public.blob.vercel-storage.com/journeys/1771753923521-%E4%B8%BB%E5%9B%BE-%E4%B9%9D%E5%AF%A8%E6%B2%9F-%E6%A8%AA%E5%9B%BE-RBIWFJFZDyD8TzHhytYjCAmfndXhda.jpeg,data.heroImage,Explore Together,,explore-together,,explore-together,legacy_journey_type,false,active metadata backfill candidate
28ae5874-2c8f-4f88-895e-09cb45c36872,leshan-buddha-emei-mountain-2-day-tour,Leshan Buddha & Emei Mountain 2-Day Tour,Leshan Buddha & Emei Mountain 2-Day Tour | Korascale Travel,Leshan Buddha & Emei Mountain 2-Day Tour,Leshan Buddha & Emei Mountain 2-Day Tour | Korascale Travel,,Leshan Buddha & Emei Mountain 2-Day Tour | Korascale Travel,data.pageTitle,,"Chengdu begins, Chengdu ends","Chengdu begins, Chengdu ends",,"Chengdu begins, Chengdu ends",short_description,https://kbnup6n3k5ja0hg2.public.blob.vercel-storage.com/journeys/1771753037248-%E4%B8%BB%E5%9B%BE-%E5%B3%A8%E7%9C%89%E5%B1%B1-%E6%A8%AA%E5%9B%BE-hLbMBhKWnUFPqpWmBSKQwBxKwyW5n2.png,https://kbnup6n3k5ja0hg2.public.blob.vercel-storage.com/journeys/1771753037248-%E4%B8%BB%E5%9B%BE-%E5%B3%A8%E7%9C%89%E5%B1%B1-%E6%A8%AA%E5%9B%BE-hLbMBhKWnUFPqpWmBSKQwBxKwyW5n2.png,https://kbnup6n3k5ja0hg2.public.blob.vercel-storage.com/journeys/1771753037248-%E4%B8%BB%E5%9B%BE-%E5%B3%A8%E7%9C%89%E5%B1%B1-%E6%A8%AA%E5%9B%BE-hLbMBhKWnUFPqpWmBSKQwBxKwyW5n2.png,,https://kbnup6n3k5ja0hg2.public.blob.vercel-storage.com/journeys/1771753037248-%E4%B8%BB%E5%9B%BE-%E5%B3%A8%E7%9C%89%E5%B1%B1-%E6%A8%AA%E5%9B%BE-hLbMBhKWnUFPqpWmBSKQwBxKwyW5n2.png,data.heroImage,Explore Together,,explore-together,,explore-together,legacy_journey_type,false,active metadata backfill candidate
43afa024-0a6b-42a4-ab24-b582778ad587,lhasa-holy-lakes-classic-tibet-8-day-tour,Lhasa & Holy Lakes  Classic Tibet 8-Day Tour,Lhasa & Holy Lakes  Classic Tibet 8-Day Tour,Lhasa & Holy Lakes  Classic Tibet 8-Day Tour,Lhasa & Holy Lakes  Classic Tibet 8-Day Tour,,Lhasa & Holy Lakes  Classic Tibet 8-Day Tour,data.pageTitle,,"Lhasa begins, Lhasa ends","Lhasa begins, Lhasa ends",,"Lhasa begins, Lhasa ends",short_description,https://kbnup6n3k5ja0hg2.public.blob.vercel-storage.com/journeys/1768222356636-%E4%B8%BB%E5%9B%BE-%E5%B7%B4%E6%9D%BE%E6%8E%AA-%E6%A8%AA%E5%9B%BE-serMl9dPsgjQRaFlaSJXlkvu4oHyjL.jpeg,https://kbnup6n3k5ja0hg2.public.blob.vercel-storage.com/journeys/1768222356636-%E4%B8%BB%E5%9B%BE-%E5%B7%B4%E6%9D%BE%E6%8E%AA-%E6%A8%AA%E5%9B%BE-serMl9dPsgjQRaFlaSJXlkvu4oHyjL.jpeg,https://kbnup6n3k5ja0hg2.public.blob.vercel-storage.com/journeys/1768222356636-%E4%B8%BB%E5%9B%BE-%E5%B7%B4%E6%9D%BE%E6%8E%AA-%E6%A8%AA%E5%9B%BE-serMl9dPsgjQRaFlaSJXlkvu4oHyjL.jpeg,,https://kbnup6n3k5ja0hg2.public.blob.vercel-storage.com/journeys/1768222356636-%E4%B8%BB%E5%9B%BE-%E5%B7%B4%E6%9D%BE%E6%8E%AA-%E6%A8%AA%E5%9B%BE-serMl9dPsgjQRaFlaSJXlkvu4oHyjL.jpeg,data.heroImage,Deep Discovery,,deep-discovery,,deep-discovery,legacy_journey_type,false,active metadata backfill candidate
645c7b01-6a18-4246-91b7-69f1311e9ebc,shanghai-suzhou-classic-dual-city-7-day-tour,Shanghai & Suzhou Classic Dual-City 7-Day  Tour,Shanghai & Suzhou Classic Dual-City 7-Day  Tour,Shanghai & Suzhou Classic Dual-City 7-Day  Tour,Shanghai & Suzhou Classic Dual-City 7-Day  Tour,,Shanghai & Suzhou Classic Dual-City 7-Day  Tour,data.pageTitle,,"Shanghai begins, Shanghai ends","Shanghai begins, Shanghai ends",,"Shanghai begins, Shanghai ends",short_description,https://kbnup6n3k5ja0hg2.public.blob.vercel-storage.com/journeys/1767455968109-%E4%B8%BB%E5%9B%BE-%E8%8B%8F%E5%B7%9E-%E6%A8%AA%E5%9B%BE-BaUlNeqFN1L39nd7jshRCvpf2vdRix.jpeg,https://kbnup6n3k5ja0hg2.public.blob.vercel-storage.com/journeys/1767455968109-%E4%B8%BB%E5%9B%BE-%E8%8B%8F%E5%B7%9E-%E6%A8%AA%E5%9B%BE-BaUlNeqFN1L39nd7jshRCvpf2vdRix.jpeg,https://kbnup6n3k5ja0hg2.public.blob.vercel-storage.com/journeys/1767455968109-%E4%B8%BB%E5%9B%BE-%E8%8B%8F%E5%B7%9E-%E6%A8%AA%E5%9B%BE-BaUlNeqFN1L39nd7jshRCvpf2vdRix.jpeg,,https://kbnup6n3k5ja0hg2.public.blob.vercel-storage.com/journeys/1767455968109-%E4%B8%BB%E5%9B%BE-%E8%8B%8F%E5%B7%9E-%E6%A8%AA%E5%9B%BE-BaUlNeqFN1L39nd7jshRCvpf2vdRix.jpeg,data.heroImage,Deep Discovery,,deep-discovery,,deep-discovery,legacy_journey_type,false,active metadata backfill candidate
743d03b7-82a9-4d72-9715-10ee9df9f231,siguniang-mountain-2-day-tour,Siguniang Mountain 2-Day Tour,Siguniang Mountain 2-Day Tour | Korascale Travel,Siguniang Mountain 2-Day Tour,Siguniang Mountain 2-Day Tour | Korascale Travel,,Siguniang Mountain 2-Day Tour | Korascale Travel,data.pageTitle,,"Chengdu begins, Chengdu ends","Chengdu begins, Chengdu ends",,"Chengdu begins, Chengdu ends",short_description,https://kbnup6n3k5ja0hg2.public.blob.vercel-storage.com/journeys/1765962302332-%E5%9B%9B%E5%A7%91%E5%A8%98%E5%B1%B1%E5%8F%8C%E6%A1%A5%E6%B2%9F%E5%9B%9B%E5%A7%91%E5%A8%9C%E6%8E%AA2-DnmiqcpIYffSIvp9ALSTlj06LneFtk.png,https://kbnup6n3k5ja0hg2.public.blob.vercel-storage.com/journeys/1765962302332-%E5%9B%9B%E5%A7%91%E5%A8%98%E5%B1%B1%E5%8F%8C%E6%A1%A5%E6%B2%9F%E5%9B%9B%E5%A7%91%E5%A8%9C%E6%8E%AA2-DnmiqcpIYffSIvp9ALSTlj06LneFtk.png,https://kbnup6n3k5ja0hg2.public.blob.vercel-storage.com/journeys/1765962302332-%E5%9B%9B%E5%A7%91%E5%A8%98%E5%B1%B1%E5%8F%8C%E6%A1%A5%E6%B2%9F%E5%9B%9B%E5%A7%91%E5%A8%9C%E6%8E%AA2-DnmiqcpIYffSIvp9ALSTlj06LneFtk.png,,https://kbnup6n3k5ja0hg2.public.blob.vercel-storage.com/journeys/1765962302332-%E5%9B%9B%E5%A7%91%E5%A8%98%E5%B1%B1%E5%8F%8C%E6%A1%A5%E6%B2%9F%E5%9B%9B%E5%A7%91%E5%A8%9C%E6%8E%AA2-DnmiqcpIYffSIvp9ALSTlj06LneFtk.png,data.heroImage,Explore Together,,explore-together,,explore-together,legacy_journey_type,false,active metadata backfill candidate
bfd44a68-c631-4e23-950f-f93a7e9231b5,xian-culture-mount-hua-in-depth-4-day-tour,Xi'an Culture & Mount Hua  In-Depth 6-Day Tour,Xi'an Culture & Mount Hua  In-Depth 4-Day Tour,Xi'an Culture & Mount Hua  In-Depth 6-Day Tour,Xi'an Culture & Mount Hua  In-Depth 4-Day Tour,,Xi'an Culture & Mount Hua  In-Depth 4-Day Tour,data.pageTitle,,"Xi'an begins, Xi'an ends","Xi'an begins, Xi'an ends",,"Xi'an begins, Xi'an ends",short_description,https://kbnup6n3k5ja0hg2.public.blob.vercel-storage.com/journeys/1766931010118-%E4%B8%BB%E5%9B%BE-%E8%A5%BF%E5%AE%89%E5%9F%8E%E5%A2%99-%E6%A8%AA%E5%9B%BE-NlSHPTNxeOYztmbhrzWZCqvHwWKO6I.jpg,https://kbnup6n3k5ja0hg2.public.blob.vercel-storage.com/journeys/1766931010118-%E4%B8%BB%E5%9B%BE-%E8%A5%BF%E5%AE%89%E5%9F%8E%E5%A2%99-%E6%A8%AA%E5%9B%BE-NlSHPTNxeOYztmbhrzWZCqvHwWKO6I.jpg,https://kbnup6n3k5ja0hg2.public.blob.vercel-storage.com/journeys/1766931010118-%E4%B8%BB%E5%9B%BE-%E8%A5%BF%E5%AE%89%E5%9F%8E%E5%A2%99-%E6%A8%AA%E5%9B%BE-NlSHPTNxeOYztmbhrzWZCqvHwWKO6I.jpg,,https://kbnup6n3k5ja0hg2.public.blob.vercel-storage.com/journeys/1766931010118-%E4%B8%BB%E5%9B%BE-%E8%A5%BF%E5%AE%89%E5%9F%8E%E5%A2%99-%E6%A8%AA%E5%9B%BE-NlSHPTNxeOYztmbhrzWZCqvHwWKO6I.jpg,data.heroImage,Deep Discovery,,deep-discovery,,deep-discovery,legacy_journey_type,false,active metadata backfill candidate
06f935af-8ca1-45e0-bdc3-053b94907cf2,xian-terracotta-warriors-tang-paradise-night-tour,Xi’an: Monumental Guardians & Neon Reveries,Xi'an Terracotta Warriors & Tang Paradise Night Tour,Xi’an: Monumental Guardians & Neon Reveries,Xi'an Terracotta Warriors & Tang Paradise Night Tour,,Xi'an Terracotta Warriors & Tang Paradise Night Tour,data.pageTitle,,Uncovering the Subterranean Scale of Ancient Empires and the Radiant Spectacle of China’s Cultural Renaissance.,Uncovering the Subterranean Scale of Ancient Empires and the Radiant Spectacle of China’s Cultural Renaissance.,,Uncovering the Subterranean Scale of Ancient Empires and the Radiant Spectacle of China’s Cultural Renaissance.,short_description,https://kbnup6n3k5ja0hg2.public.blob.vercel-storage.com/journeys/1771751385210-%E4%B8%BB%E5%9B%BE-%E5%85%B5%E9%A9%AC%E4%BF%91-%E6%A8%AA%E5%9B%BE-nsKYkQSn2Pko5A3csi3FSClT5Rr5vh.jpeg,https://kbnup6n3k5ja0hg2.public.blob.vercel-storage.com/journeys/1771751385210-%E4%B8%BB%E5%9B%BE-%E5%85%B5%E9%A9%AC%E4%BF%91-%E6%A8%AA%E5%9B%BE-nsKYkQSn2Pko5A3csi3FSClT5Rr5vh.jpeg,https://kbnup6n3k5ja0hg2.public.blob.vercel-storage.com/journeys/1771751385210-%E4%B8%BB%E5%9B%BE-%E5%85%B5%E9%A9%AC%E4%BF%91-%E6%A8%AA%E5%9B%BE-nsKYkQSn2Pko5A3csi3FSClT5Rr5vh.jpeg,,https://kbnup6n3k5ja0hg2.public.blob.vercel-storage.com/journeys/1771751385210-%E4%B8%BB%E5%9B%BE-%E5%85%B5%E9%A9%AC%E4%BF%91-%E6%A8%AA%E5%9B%BE-nsKYkQSn2Pko5A3csi3FSClT5Rr5vh.jpeg,data.heroImage,Explore Together,,explore-together,,explore-together,legacy_journey_type,false,active metadata backfill candidate
1211dc54-4653-4bb1-a925-75fa38477919,xining-to-lhasa-mount-everest-tibet-grand-10-day-tour,Xining to Lhasa & Mount Everest  Tibet Grand 10-Day Tour,Xining to Lhasa & Mount Everest  Tibet Grand 10-Day Tour,Xining to Lhasa & Mount Everest  Tibet Grand 10-Day Tour,Xining to Lhasa & Mount Everest  Tibet Grand 10-Day Tour,,Xining to Lhasa & Mount Everest  Tibet Grand 10-Day Tour,data.pageTitle,,"Xining begins, Lhasa ends","Xining begins, Lhasa ends",,"Xining begins, Lhasa ends",short_description,https://kbnup6n3k5ja0hg2.public.blob.vercel-storage.com/journeys/1767931763849-%E4%B8%BB%E5%9B%BE-%E9%9D%92%E8%97%8F%E9%93%81%E8%B7%AF-%E6%A8%AA%E5%9B%BE-KOj3Ae3UB0Luayq8Br88l9P5DGvD6r.jpeg,https://kbnup6n3k5ja0hg2.public.blob.vercel-storage.com/journeys/1767931763849-%E4%B8%BB%E5%9B%BE-%E9%9D%92%E8%97%8F%E9%93%81%E8%B7%AF-%E6%A8%AA%E5%9B%BE-KOj3Ae3UB0Luayq8Br88l9P5DGvD6r.jpeg,https://kbnup6n3k5ja0hg2.public.blob.vercel-storage.com/journeys/1767931763849-%E4%B8%BB%E5%9B%BE-%E9%9D%92%E8%97%8F%E9%93%81%E8%B7%AF-%E6%A8%AA%E5%9B%BE-KOj3Ae3UB0Luayq8Br88l9P5DGvD6r.jpeg,,https://kbnup6n3k5ja0hg2.public.blob.vercel-storage.com/journeys/1767931763849-%E4%B8%BB%E5%9B%BE-%E9%9D%92%E8%97%8F%E9%93%81%E8%B7%AF-%E6%A8%AA%E5%9B%BE-KOj3Ae3UB0Luayq8Br88l9P5DGvD6r.jpeg,data.heroImage,Deep Discovery,,deep-discovery,,deep-discovery,legacy_journey_type,false,active metadata backfill candidate
ef87b1c3-d52a-4e8e-ade7-950e1bceadb3,yunnan-kunming-dali-lijiang-shangri-la-9-day-tour,"Yunnan Kunming, Dali, Lijiang & Shangri-La 9-Day  Tour","Yunnan Kunming, Dali, Lijiang & Shangri-La 9-Day  Tour","Yunnan Kunming, Dali, Lijiang & Shangri-La 9-Day  Tour","Yunnan Kunming, Dali, Lijiang & Shangri-La 9-Day  Tour",,"Yunnan Kunming, Dali, Lijiang & Shangri-La 9-Day  Tour",data.pageTitle,,"Kunming begins, Shangri-La ends","Kunming begins, Shangri-La ends",,"Kunming begins, Shangri-La ends",short_description,https://kbnup6n3k5ja0hg2.public.blob.vercel-storage.com/journeys/1768228201513-%E4%B8%BB%E5%9B%BE-%E5%A4%A7%E7%BB%8F%E5%B9%A1-%E6%A8%AA%E5%9B%BE-mRCBTRF3GbHKUl5euE15JCuIJdIECU.jpeg,https://kbnup6n3k5ja0hg2.public.blob.vercel-storage.com/journeys/1768228201513-%E4%B8%BB%E5%9B%BE-%E5%A4%A7%E7%BB%8F%E5%B9%A1-%E6%A8%AA%E5%9B%BE-mRCBTRF3GbHKUl5euE15JCuIJdIECU.jpeg,https://kbnup6n3k5ja0hg2.public.blob.vercel-storage.com/journeys/1768228201513-%E4%B8%BB%E5%9B%BE-%E5%A4%A7%E7%BB%8F%E5%B9%A1-%E6%A8%AA%E5%9B%BE-mRCBTRF3GbHKUl5euE15JCuIJdIECU.jpeg,,https://kbnup6n3k5ja0hg2.public.blob.vercel-storage.com/journeys/1768228201513-%E4%B8%BB%E5%9B%BE-%E5%A4%A7%E7%BB%8F%E5%B9%A1-%E6%A8%AA%E5%9B%BE-mRCBTRF3GbHKUl5euE15JCuIJdIECU.jpeg,data.heroImage,Deep Discovery,,deep-discovery,,deep-discovery,legacy_journey_type,false,active metadata backfill candidate
08579f34-894b-4278-9608-a96f54d2b591,zhangjiajie-fenghuang-classic-7-day-dual-destination-tour,Zhangjiajie & Fenghuang Classic 7-Day Dual-Destination Tour,Zhangjiajie & Fenghuang Classic 7-Day Dual-Destination Tour,Zhangjiajie & Fenghuang Classic 7-Day Dual-Destination Tour,Zhangjiajie & Fenghuang Classic 7-Day Dual-Destination Tour,,Zhangjiajie & Fenghuang Classic 7-Day Dual-Destination Tour,data.pageTitle,,"Zhangjiajie begins, Zhangjiajie ends","Zhangjiajie begins, Zhangjiajie ends",,"Zhangjiajie begins, Zhangjiajie ends",short_description,https://kbnup6n3k5ja0hg2.public.blob.vercel-storage.com/journeys/1767679604101-%E4%B8%BB%E5%9B%BE-%E6%AD%A6%E9%99%B5%E6%BA%90-%E6%A8%AA%E5%9B%BE-oFGPNkojecNVIpFNd7mnzy8MzDGUay.jpeg,https://kbnup6n3k5ja0hg2.public.blob.vercel-storage.com/journeys/1767679604101-%E4%B8%BB%E5%9B%BE-%E6%AD%A6%E9%99%B5%E6%BA%90-%E6%A8%AA%E5%9B%BE-oFGPNkojecNVIpFNd7mnzy8MzDGUay.jpeg,https://kbnup6n3k5ja0hg2.public.blob.vercel-storage.com/journeys/1767679604101-%E4%B8%BB%E5%9B%BE-%E6%AD%A6%E9%99%B5%E6%BA%90-%E6%A8%AA%E5%9B%BE-oFGPNkojecNVIpFNd7mnzy8MzDGUay.jpeg,,https://kbnup6n3k5ja0hg2.public.blob.vercel-storage.com/journeys/1767679604101-%E4%B8%BB%E5%9B%BE-%E6%AD%A6%E9%99%B5%E6%BA%90-%E6%A8%AA%E5%9B%BE-oFGPNkojecNVIpFNd7mnzy8MzDGUay.jpeg,data.heroImage,Deep Discovery,,deep-discovery,,deep-discovery,legacy_journey_type,false,active metadata backfill candidate
