id,slug,title,current_status,proposed_status,public_before,public_after,manual_review,reason
68262f66-90f9-4f2f-822e-51865bde7967,beijing-imperial-temple-garden-hutongs-day-tour,"Beijing Imperial Temple, Garden & Hutongs Day Tour",inactive,archived,false,false,false,Map legacy inactive to archived
e468b842-7c59-4258-8d56-8b585566be82,chengdu-panda-alley-culture-day-tour,Chengdu Panda & Alley Culture Day Tour,inactive,archived,false,false,true,Status-only in 025B1; slug/type remain MANUAL_REVIEW
3ec32480-b591-470f-bd10-9714c84588ef,chengdu-panda-ancient-irrigation-day-tour,Chengdu Panda & Ancient Irrigation Day Tour,inactive,archived,false,false,false,Map legacy inactive to archived
f0f123a2-0413-4050-99d8-46f2b0cd8ec9,chengdu-panda-dujiangyan-mt-qingcheng-2-day-classic-tour,"Chengdu Panda, Dujiangyan & Mt. Qingcheng 2-Day Classic Tour",inactive,archived,false,false,false,Map legacy inactive to archived
77f512fd-41df-4eee-8d35-4c33623aa637,chengdu-to-ganzi-tibetan-buddhism-pilgrimage-hidden-lands-10-day-tour,Chengdu to Ganzi Tibetan Buddhism Pilgrimage & Hidden Lands 10-Day Tour,inactive,archived,false,false,false,Map legacy inactive to archived
64ad1143-2c99-4444-a735-195b5c2da099,chengdu-to-xichang-luojishan-6-day-tour,Chengdu to Xichang & Luojishan 6-Day Tour,inactive,archived,false,false,false,Map legacy inactive to archived
6cbaf3e2-63ef-4d78-b1cb-1ed4ef635d13,chongqing-retro-modern-day-tour,Chongqing Retro & Modern Day Tour,inactive,archived,false,false,false,Map legacy inactive to archived
ce8fcb42-c0a8-4925-b4e0-540cac40b7e1,chongqing-wulong-classic-6-day-tour,Chongqing & Wulong Classic 6-Day Tour,inactive,archived,false,false,false,Map legacy inactive to archived
1a95095c-9f0d-4b6d-a30e-8084a7277304,chongqing-wulong-karst,Wulong Karst 2-Day Discovery Tour,inactive,archived,false,false,false,Map legacy inactive to archived
fd6b7c12-c11d-4ae4-9a84-d451bc2fe372,dai-village-nannuo-mountain-tea-culture-day-tour,Dai Village & Nannuo Mountain Tea Culture Day Tour,inactive,archived,false,false,false,Map legacy inactive to archived
f699fa20-3732-4bd0-8379-974e9a35420c,dali-cangshan-mountain-with-chongsheng-three-pagodas-day-tour-,Dali Cangshan Mountain  with Chongsheng Three Pagodas Day Tour,inactive,archived,false,false,false,Map legacy inactive to archived
87788afb-8344-4dbe-92e9-4ad41f660cd5,datong-to-yungang-grottoes-hanging-temple-day-tour,Datong to Yungang Grottoes & Hanging Temple Day Tour,inactive,archived,false,false,false,Map legacy inactive to archived
fd744425-8680-496a-aa47-74a07ff0f5e3,dunhuang-to-turpan-kumtag-desert-8-day-off-road-adventure-tour,Dunhuang to Turpan & Kumtag Desert 8-Day Off-Road Adventure Tour,inactive,archived,false,false,false,Map legacy inactive to archived
1efb5a6e-8b7e-43ca-9dde-9e6587bee8ba,erhai-lake-loop-day-tour,Erhai Lake Loop Day Tour,inactive,archived,false,false,false,Map legacy inactive to archived
490aea2d-6cff-47f4-a9fa-5131ff160d06,fujian-tulou-day-tour,Fujian Tulou Day Tour,inactive,archived,false,false,false,Map legacy inactive to archived
2351fc82-887f-4b37-bad7-2c466764e0e0,guangzhou-classic-city-walk-day-tour,Guangzhou Classic City Walk Day Tour,inactive,archived,false,false,false,Map legacy inactive to archived
1654f129-046a-4daf-b595-a2fd00f13cc3,guilin-city-highlights-night-cruise-day-tour,Guilin City Highlights & Night Cruise Day Tour,inactive,archived,false,false,false,Map legacy inactive to archived
cf231b9a-9022-477f-a583-04e5711a659c,guiyang-city-highlights-day-tour,Guiyang City Highlights Day Tour,inactive,archived,false,false,false,Map legacy inactive to archived
a1d410d7-a3c1-4333-bc5f-52befea2acd2,guiyang-to-qiannan-panoramic-explorer-9-day-tour,Guiyang to Qiannan Panoramic Explorer  9-Day Tour,inactive,archived,false,false,false,Map legacy inactive to archived
6c8279a0-ecad-4b80-9ad0-069b104c407d,guizhou-to-waterfalls-karst-minority-cultures-8-day-panorama-tour,"Guizhou to Waterfalls, Karst & Minority Cultures 8-Day Panorama Tour",inactive,archived,false,false,false,Map legacy inactive to archived
9c0864b9-a79d-46c4-800c-ddc4dbab54d5,gulangyu-island-day-tour,Gulangyu Island Day Tour,inactive,archived,false,false,false,Map legacy inactive to archived
7e8e641d-4446-490c-9b94-ce19c8a94912,hailar-to-hulunbuir-grassland-arxan-grand-loop-9-day-tour,Hailar to Hulunbuir Grassland & Arxan Grand Loop 9-Day  Tour,inactive,archived,false,false,false,Map legacy inactive to archived
24ded7e2-c63c-4625-b5f9-5f383583633f,hangzhou-cultural-water-town-in-depth-6-day-tour,Hangzhou Cultural & Water Town  In-Depth 6-Day Tour,inactive,archived,false,false,false,Map legacy inactive to archived
591a7e54-4cce-4bc2-940a-338b38b79e2d,hangzhou-to-qiandao-lake-leisure-5-daytour,Hangzhou to Qiandao Lake  Leisure 5-DayTour,inactive,archived,false,false,false,Map legacy inactive to archived
20cb64d6-c2e1-4197-8e78-08e6236d5706,harbin-classic-winter-experience-day-tour,Harbin Classic Winter Experience Day Tour,inactive,archived,false,false,false,Map legacy inactive to archived
a624b439-0fed-495c-bebc-4bd9823a47ff,huangguoshu-waterfall-vip-one-day-tour,Huangguoshu Waterfall VIP One-Day Tour,inactive,archived,false,false,false,Map legacy inactive to archived
68b2dbbd-ed87-4cd4-b420-6e282aa2afe6,kunming-city-western-hill-day-tour,Kunming City & Western Hill Day Tour,inactive,archived,false,false,false,Map legacy inactive to archived
c1599bf8-9d1a-4494-8401-8c7eff563838,leshan-giant-buddha-day-tour,Leshan Giant Buddha Day Tour,inactive,archived,false,false,false,Map legacy inactive to archived
0f9d936a-6cd6-443d-a7c8-b2d317a75d6c,libo-karst-landscapes-by-high-speed-rail-day-tour,Libo Karst Landscapes by High-Speed Rail Day Tour,inactive,archived,false,false,false,Map legacy inactive to archived
0389826c-8d82-4c3b-b612-2b44c0b2f781,lijiang-to-dali-across-shaxi-ancient-town-day-tour,Lijiang to Dali across Shaxi Ancient Town  Day Tour,inactive,archived,false,false,false,Map legacy inactive to archived
b4c761e4-b3b1-4568-b173-3ff9ece44388,lijiang-yulong-snow-mountain-day-tour,Lijiang Yulong Snow Mountain Day Tour,inactive,archived,false,false,false,Map legacy inactive to archived
1be89fa2-9420-45b5-bc61-6b9f1c43a43b,lugu-lake-with-mosuo-culture-experience-2-day-tour-,Lugu Lake with Mosuo Culture Experience 2-Day Tour,inactive,archived,false,false,false,Map legacy inactive to archived
033eb46d-8326-4d1d-8d89-a0d690bc59e9,nanning-to-sino-vietnamese-border-nature-6-day-tour,Nanning to Sino-Vietnamese Border  Nature 6-Day Tour,inactive,archived,false,false,false,Map legacy inactive to archived
22567336-9280-46a9-9309-73f1dc45bf01,phoenix-ancient-town-aizhai-bridge-2-day-tour,Phoenix Ancient Town & Aizhai Bridge 2-Day Tour,inactive,archived,false,false,false,Map legacy inactive to archived
ba5e65c7-23b9-4be6-87fb-886a09de2947,phoenix-ancient-town-by-high-speed-rail-day-tour,Phoenix Ancient Town by High-Speed Rail Day Tour,inactive,archived,false,false,false,Map legacy inactive to archived
fda690c8-6884-4006-a982-305d20426d00,qingdao-beer-sea-mountains-day-tour,"Qingdao Beer, Sea & Mountains Day Tour",inactive,archived,false,false,false,Map legacy inactive to archived
1f4c1481-bb45-4ac7-acd0-4aba2550cea1,shanghai-suzhou-nanjing-hangzhou-loop-8-day-tour,"Shanghai, Suzhou, Nanjing & Hangzhou Loop  8-Day Tour",inactive,archived,false,false,false,Map legacy inactive to archived
7b370612-01bb-4812-89c9-0c25a3bb9f70,shanghai-to-tongli-ancient-water-town-day-tour,Shanghai to Tongli Ancient Water Town Day Tour,inactive,archived,false,false,false,Map legacy inactive to archived
926c8370-1bea-4470-bdb7-f882ff318cc7,shenzhen-city-culture-landmarks-day-tour,Shenzhen City Culture & Landmarks Day Tour,inactive,archived,false,false,false,Map legacy inactive to archived
991d0029-2312-4301-bb1e-51aa586c122c,sichuan-chengdu-classic-heritage-7-day-tour,"Sichuan, Chengdu  Classic Heritage 7-Day  Tour",inactive,archived,false,false,false,Map legacy inactive to archived
d3485450-4186-468d-803d-f6e87fc48cf5,tibetan-qiang-glacier-3-day-in-depth-tour,"Tibetan, Qiang & Glacier 3-Day In-Depth Tour",inactive,archived,false,false,false,Map legacy inactive to archived
5d2baed2-a662-4fe5-8b49-8d8ee0f16483,tibetan-qiang-villages-with-bipenggou-2-day-tour,Tibetan & Qiang Villages with Bipenggou 2-Day Tour,inactive,archived,false,false,false,Map legacy inactive to archived
8d704e28-7e8c-4134-aa7e-4fe1ab76ce71,tiger-leaping-gorge-hiking-day-tour,Tiger Leaping Gorge Hiking Day Tour,inactive,archived,false,false,false,Map legacy inactive to archived
5cfec52f-1a4f-40a5-af90-29c471461d7a,urumqi-to-altay-winter-wonderland-8-day-tour,Urumqi to Altay Winter Wonderland 8-Day Tour,inactive,archived,false,false,false,Map legacy inactive to archived
d8958be5-72fd-4dfe-acd9-dfad00b1f928,urumqi-to-ili-grassland-nature-loop-tour-7-day-,Urumqi to Ili Grassland Nature Loop Tour 7-Day,inactive,archived,false,false,false,Map legacy inactive to archived
9cef0680-e565-4507-bf70-24ae7ff50952,western-sichuan-daocheng-yading-nature-9-day-tour,Western Sichuan & Daocheng Yading Nature  9-Day  Tour,inactive,archived,false,false,false,Map legacy inactive to archived
b782a27c-e4c1-4e1b-9a4f-7d01cf71e385,wuhan-historical-architecture-riverfront-day-tour,Wuhan Historical Architecture & Riverfront Day Tour,inactive,archived,false,false,false,Map legacy inactive to archived
6ab8d247-4eae-47dc-b344-17ed2352dd1c,wulong-pengshui-by-high-speed-rail-2-day-tour,Wulong & Pengshui by High-Speed Rail 2-Day Tour,inactive,archived,false,false,false,Map legacy inactive to archived
ae4e5fd0-f467-4be2-858c-2ee30242b554,xiamen-city-coastal-highlights-day-tour,Xiamen City & Coastal Highlights Day Tour,inactive,archived,false,false,false,Map legacy inactive to archived
bbec6b13-4f66-443b-bfde-b36172660e0d,xian-grand-pagoda-ancient-city-wall-day-tour,Xi'an Grand Pagoda & Ancient City Wall Day Tour,inactive,archived,false,false,false,Map legacy inactive to archived
2952bb01-6cb2-452e-b1c9-ee25c19b2dcb,xichang-lake-ancient-town-day-tour,Xichang Lake & Ancient Town Day Tour,inactive,archived,false,false,false,Map legacy inactive to archived
8a6bf407-eb4e-4864-8e1d-091ab007ef59,xichang-luojishan-waterfall-hot-spring-day-tour,Xichang & Luojishan Waterfall Hot Spring Day Tour,inactive,archived,false,false,false,Map legacy inactive to archived
140ce811-9a74-432d-be97-8f7353093a34,xining-to-qinghai-lake-zhangye-dunhuang-grand-10-day-tour,"Xining to Qinghai Lake, Zhangye & Dunhuang Grand 10-Day Tour",inactive,archived,false,false,false,Map legacy inactive to archived
9d4bfc58-201f-40aa-9d95-9101ad4c2f08,xishuangbanna-elephant-valley-dai-garden-day-tour,Xishuangbanna Elephant Valley & Dai Garden Day Tour,inactive,archived,false,false,false,Map legacy inactive to archived
dabc4159-c42e-438e-a1eb-6abd957c9104,xishuangbanna-tropical-temples-villages-day-tour,Xishuangbanna Tropical Temples & Villages Day Tour,inactive,archived,false,false,false,Map legacy inactive to archived
ff1ed0c8-1ea1-4ca7-9de2-707844381a68,yangshuo-karst-landscapes-river-cruise-day-tour,Yangshuo Karst Landscapes & River Cruise Day Tour,inactive,archived,false,false,false,Map legacy inactive to archived
1625c038-3464-4a7a-b5d9-c345f195dd74,yangtze-river-cruise-with-century-sakura-4-days-from-chongqing-to-yichang,Yangtze River Cruise with Century Sakura: 4 Days from Chongqing to Yichang,inactive,archived,false,false,false,Map legacy inactive to archived
ff987022-70a1-48c7-bed4-3dd33be5f105,yunnan-kunming-xishuangbanna-tengchong-8-day-tour,"Yunnan Kunming, Xishuangbanna & Tengchong 8-Day  Tour",inactive,archived,false,false,false,Map legacy inactive to archived
31f789ed-e6c2-4acb-a7d3-0fd07937acba,zhangjiajie-5-day-highlights-tour,Zhangjiajie 5-Day Highlights Tour,inactive,archived,false,false,false,Map legacy inactive to archived
