id,slug,url,http_status,canonical,robots,html_title,meta_description,h1,h1_count,og_title,og_description,og_image,json_ld_types,json_ld_trip_name,json_ld_trip_description,json_ld_trip_image,visible_word_count,faq_markup_present,faq_count_dom,breadcrumb_markup_present,cta_link_present,broken_internal_links,missing_images,duplicate_title,duplicate_meta,duplicate_h1,canonical_mismatch,hero_dom_note,notes
37f6a3ae-f758-4449-83f5-e036c83f189d,badaling-great-wall-day-tour,https://www.korascale.com/journeys/badaling-great-wall-day-tour,200,https://www.korascale.com/journeys/badaling-great-wall-day-tour,,Badaling Great Wall Day Tour | Korascale,"Beijing begins, Beijing ends",Badaling Great Wall Day Tour,1,Badaling Great Wall Day Tour,"Beijing begins, Beijing ends",https://kbnup6n3k5ja0hg2.public.blob.vercel-storage.com/journeys/1771747900791-%E4%B8%BB%E5%9B%BE-%E5%85%AB%E8%BE%BE%E5%B2%AD%E9%95%BF%E5%9F%8E-%E6%A8%AA%E5%9B%BE-I5XJSRFtV6au0gTCTXw6TWd7UoT4fh.jpg,BreadcrumbList|Organization|TravelAgency|Trip,Badaling Great Wall Day Tour,"Beijing begins, Beijing ends",https://kbnup6n3k5ja0hg2.public.blob.vercel-storage.com/journeys/1771747900791-%E4%B8%BB%E5%9B%BE-%E5%85%AB%E8%BE%BE%E5%B2%AD%E9%95%BF%E5%9F%8E-%E6%A8%AA%E5%9B%BE-I5XJSRFtV6au0gTCTXw6TWd7UoT4fh.jpg,554,false,0,true,true,,/images/placeholder.jpg,false,true,false,false,Hero DOM selector unavailable; og:image and DB hero_image_url used as references.,
3468ea14-5f5e-40f6-9234-0fedf137189e,beijing-city-imperial-grandeur-urban-chic-1-day-tour,https://www.korascale.com/journeys/beijing-city-imperial-grandeur-urban-chic-1-day-tour,200,https://www.korascale.com/journeys/beijing-city-imperial-grandeur-urban-chic-1-day-tour,,Beijing City Imperial Grandeur & Urban Chic 1-Day Tour | Korascale,Navigating the Monumental Scale of Dynastic History and the Avant-Garde Ambition of a Modern Metropolis.,Beijing City Imperial Grandeur & Urban Chic 1-Day Tour,1,Beijing City Imperial Grandeur & Urban Chic 1-Day Tour,Navigating the Monumental Scale of Dynastic History and the Avant-Garde Ambition of a Modern Metropolis.,https://kbnup6n3k5ja0hg2.public.blob.vercel-storage.com/journeys/1771749910450-%E4%B8%BB%E5%9B%BE-%E6%95%85%E5%AE%AB-%E6%A8%AA%E5%9B%BE-v6JynohkI6UiYbNv4kXh63fUsV6p7N.jpeg,BreadcrumbList|Organization|TravelAgency|Trip,Beijing City Imperial Grandeur & Urban Chic 1-Day Tour,Navigating the Monumental Scale of Dynastic History and the Avant-Garde Ambition of a Modern Metropolis.,https://kbnup6n3k5ja0hg2.public.blob.vercel-storage.com/journeys/1771749910450-%E4%B8%BB%E5%9B%BE-%E6%95%85%E5%AE%AB-%E6%A8%AA%E5%9B%BE-v6JynohkI6UiYbNv4kXh63fUsV6p7N.jpeg,1115,false,0,true,true,,,false,false,false,false,Hero DOM selector unavailable; og:image and DB hero_image_url used as references.,
8f3cdc36-f243-45da-b3b5-ecfba83929a6,beijing-cultural-highlights-and-iconic-sights-5-multi-days-tour,https://www.korascale.com/journeys/beijing-cultural-highlights-and-iconic-sights-5-multi-days-tour,200,https://www.korascale.com/journeys/beijing-cultural-highlights-and-iconic-sights-5-multi-days-tour,,"Beijing Cultural Highlights, and Iconic Sights  5 Multi-Days Tour | Korascale","Beijing begins, Beijing ends","Beijing Cultural Highlights, and Iconic Sights  5 Multi-Days Tour",1,"Beijing Cultural Highlights, and Iconic Sights  5 Multi-Days Tour","Beijing begins, Beijing ends",https://kbnup6n3k5ja0hg2.public.blob.vercel-storage.com/journeys/1766842579054-%E4%B8%BB%E5%9B%BE-%E6%A8%AA%E5%9B%BE-hjLT44tBhGSiUk0G8wk7chpW0Yu8Iy.jpeg,BreadcrumbList|Organization|TravelAgency|Trip,"Beijing Cultural Highlights, and Iconic Sights  5 Multi-Days Tour","Beijing begins, Beijing ends",https://kbnup6n3k5ja0hg2.public.blob.vercel-storage.com/journeys/1766842579054-%E4%B8%BB%E5%9B%BE-%E6%A8%AA%E5%9B%BE-hjLT44tBhGSiUk0G8wk7chpW0Yu8Iy.jpeg,815,false,0,true,true,,,false,true,false,false,Hero DOM selector unavailable; og:image and DB hero_image_url used as references.,
d5e5c0e9-6549-497a-97a3-4843621da5dc,beijing-to-mutianyu-great-wall-day-tour,https://www.korascale.com/journeys/beijing-to-mutianyu-great-wall-day-tour,200,https://www.korascale.com/journeys/beijing-to-mutianyu-great-wall-day-tour,,Beijing to Mutianyu Great Wall Day Tour | Korascale,"Beijing begins, Beijing ends",Beijing to Mutianyu Great Wall Day Tour,1,Beijing to Mutianyu Great Wall Day Tour,"Beijing begins, Beijing ends",https://kbnup6n3k5ja0hg2.public.blob.vercel-storage.com/journeys/1771688549942-%E4%B8%BB%E5%9B%BE-%E6%85%95%E7%94%B0%E5%B3%AA%E9%95%BF%E5%9F%8E-%E6%A8%AA%E5%9B%BE-fwCKaJ5Q0zNkoOew79SY9tN8SXCMSe.jpg,BreadcrumbList|Organization|TravelAgency|Trip,Beijing to Mutianyu Great Wall Day Tour,"Beijing begins, Beijing ends",https://kbnup6n3k5ja0hg2.public.blob.vercel-storage.com/journeys/1771688549942-%E4%B8%BB%E5%9B%BE-%E6%85%95%E7%94%B0%E5%B3%AA%E9%95%BF%E5%9F%8E-%E6%A8%AA%E5%9B%BE-fwCKaJ5Q0zNkoOew79SY9tN8SXCMSe.jpg,585,false,0,true,true,,/images/placeholder.jpg,false,true,false,false,Hero DOM selector unavailable; og:image and DB hero_image_url used as references.,
4d3bbbb8-3907-459b-af10-181ace7af8ec,beijing-to-shanxi-ancient-architecture-with-black-myth-wukong-inspirations-6-day-tour,https://www.korascale.com/journeys/beijing-to-shanxi-ancient-architecture-with-black-myth-wukong-inspirations-6-day-tour,200,https://www.korascale.com/journeys/beijing-to-shanxi-ancient-architecture-with-black-myth-wukong-inspirations-6-day-tour,,Beijing to Shanxi Ancient Architecture with Black Myth: Wukong Inspirations  6-Day Tour | Korascale,"Beijing begins, Xi’an ends",Beijing to Shanxi Ancient Architecture with Black Myth: Wukong Inspirations  6-Day Tour,1,Beijing to Shanxi Ancient Architecture with Black Myth: Wukong Inspirations  6-Day Tour,"Beijing begins, Xi’an ends",https://kbnup6n3k5ja0hg2.public.blob.vercel-storage.com/journeys/1766845845305-D1-%E5%A4%A7%E5%90%8C%E5%8F%A4%E5%9F%8E-%E7%AB%96%E5%9B%BE-CvfB9ls8Q7HhZavjCmqai1HKdlUgqN.jpeg,BreadcrumbList|Organization|TravelAgency|Trip,Beijing to Shanxi Ancient Architecture with Black Myth: Wukong Inspirations  6-Day Tour,"Beijing begins, Xi’an ends",https://kbnup6n3k5ja0hg2.public.blob.vercel-storage.com/journeys/1766845845305-D1-%E5%A4%A7%E5%90%8C%E5%8F%A4%E5%9F%8E-%E7%AB%96%E5%9B%BE-CvfB9ls8Q7HhZavjCmqai1HKdlUgqN.jpeg,1044,false,0,true,true,,,false,false,false,false,Hero DOM selector unavailable; og:image and DB hero_image_url used as references.,
12da1d30-0d8d-49df-b350-fe6880c56ab8,chaoshan-region-cultural-heritage-6-day-tour,https://www.korascale.com/journeys/chaoshan-region-cultural-heritage-6-day-tour,200,https://www.korascale.com/journeys/chaoshan-region-cultural-heritage-6-day-tour,,Chaoshan Region Cultural Heritage 6-Day  Tour | Korascale,"Chaozhou begins, Jieyang ends",Chaoshan Region Cultural Heritage 6-Day  Tour,1,Chaoshan Region Cultural Heritage 6-Day  Tour,"Chaozhou begins, Jieyang ends",https://kbnup6n3k5ja0hg2.public.blob.vercel-storage.com/journeys/1767327974888-%E4%B8%BB%E5%9B%BE-%E6%BD%AE%E6%B1%95-%E6%A8%AA%E5%9B%BE-7jm5TXOGouZn5XH3Bz7nlBoG5zBjVF.jpeg,BreadcrumbList|Organization|TravelAgency|Trip,Chaoshan Region Cultural Heritage 6-Day  Tour,"Chaozhou begins, Jieyang ends",https://kbnup6n3k5ja0hg2.public.blob.vercel-storage.com/journeys/1767327974888-%E4%B8%BB%E5%9B%BE-%E6%BD%AE%E6%B1%95-%E6%A8%AA%E5%9B%BE-7jm5TXOGouZn5XH3Bz7nlBoG5zBjVF.jpeg,539,false,0,true,true,,,false,false,false,false,Hero DOM selector unavailable; og:image and DB hero_image_url used as references.,
535ac95b-f891-4e1c-916f-57028d7cb9e0,chengdu-chongqing-double-cities-6-day-tour,https://www.korascale.com/journeys/chengdu-chongqing-double-cities-6-day-tour,200,https://www.korascale.com/journeys/chengdu-chongqing-double-cities-6-day-tour,,Chengdu & Chongqing Double Cities 6-Day  Tour | Korascale,"Chengdu begins, Chongqing ends",Chengdu & Chongqing Double Cities 6-Day  Tour,1,Chengdu & Chongqing Double Cities 6-Day  Tour,"Chengdu begins, Chongqing ends",https://kbnup6n3k5ja0hg2.public.blob.vercel-storage.com/journeys/1767711463448-%E4%B8%BB%E5%9B%BE%E2%80%94%E6%88%90%E9%83%BD%E2%80%94%E6%A8%AA%E5%9B%BE-04q2MMWKiamDwGcgjVXGn3ZSuZYpTS.png,BreadcrumbList|Organization|TravelAgency|Trip,Chengdu & Chongqing Double Cities 6-Day  Tour,"Chengdu begins, Chongqing ends",https://kbnup6n3k5ja0hg2.public.blob.vercel-storage.com/journeys/1767711463448-%E4%B8%BB%E5%9B%BE%E2%80%94%E6%88%90%E9%83%BD%E2%80%94%E6%A8%AA%E5%9B%BE-04q2MMWKiamDwGcgjVXGn3ZSuZYpTS.png,1001,false,0,true,true,,,false,false,false,false,Hero DOM selector unavailable; og:image and DB hero_image_url used as references.,
d48f2466-e466-4801-886c-cd28c6cc97c6,chongqing-highlights-magic-cityscape-day-tour,https://www.korascale.com/journeys/chongqing-highlights-magic-cityscape-day-tour,200,https://www.korascale.com/journeys/chongqing-highlights-magic-cityscape-day-tour,,Chongqing Highlights & Magic Cityscape Day Tour | Korascale Travel | Korascale,"Chongqing begins, Chongqing ends",Chongqing Highlights & Magic Cityscape Day Tour | Korascale Travel,1,Chongqing Highlights & Magic Cityscape Day Tour | Korascale Travel,"Chongqing begins, Chongqing ends",https://kbnup6n3k5ja0hg2.public.blob.vercel-storage.com/journeys/1771754676598-%E4%B8%BB%E5%9B%BE-%E9%87%8D%E5%BA%86%E5%B8%82%E5%8C%BA-%E6%A8%AA%E5%9B%BE-RG3wOzUWFTX4jHSQYUlZmKppYZJZk3.jpeg,BreadcrumbList|Organization|TravelAgency|Trip,Chongqing Highlights & Magic Cityscape Day Tour | Korascale Travel,"Chongqing begins, Chongqing ends",https://kbnup6n3k5ja0hg2.public.blob.vercel-storage.com/journeys/1771754676598-%E4%B8%BB%E5%9B%BE-%E9%87%8D%E5%BA%86%E5%B8%82%E5%8C%BA-%E6%A8%AA%E5%9B%BE-RG3wOzUWFTX4jHSQYUlZmKppYZJZk3.jpeg,1188,false,0,true,true,,/images/placeholder.jpg,false,false,false,false,Hero DOM selector unavailable; og:image and DB hero_image_url used as references.,
9b0aefcc-3604-4d5c-bcc2-0b8ee80bb621,grand-china-highlands-nature-18-day-journey,https://www.korascale.com/journeys/grand-china-highlands-nature-18-day-journey,200,https://www.korascale.com/journeys/grand-china-highlands-nature-18-day-journey,,Grand China Highlands & Nature 18-Day Journey | Korascale,Shanghai begins · Lijiang · Shangri-La · Lhasa · Everest · Shigatse · Beijing ends,Grand China Highlands & Nature 18-Day Journey,1,Grand China Highlands & Nature 18-Day Journey,Shanghai begins · Lijiang · Shangri-La · Lhasa · Everest · Shigatse · Beijing ends,https://kbnup6n3k5ja0hg2.public.blob.vercel-storage.com/journeys/1769923887089-%E4%B8%BB%E5%9B%BE-%E5%B8%83%E8%BE%BE%E6%8B%89%E5%AE%AB-%E6%A8%AA%E5%9B%BE-nUl8p9O9Z5vEKsSj7GdfgyRSebzbRu.jpeg,BreadcrumbList|Organization|TravelAgency|Trip,Grand China Highlands & Nature 18-Day Journey,Shanghai begins · Lijiang · Shangri-La · Lhasa · Everest · Shigatse · Beijing ends,https://kbnup6n3k5ja0hg2.public.blob.vercel-storage.com/journeys/1769923887089-%E4%B8%BB%E5%9B%BE-%E5%B8%83%E8%BE%BE%E6%8B%89%E5%AE%AB-%E6%A8%AA%E5%9B%BE-nUl8p9O9Z5vEKsSj7GdfgyRSebzbRu.jpeg,1372,false,0,true,true,,,false,false,false,false,Hero DOM selector unavailable; og:image and DB hero_image_url used as references.,
eb9647df-6b38-46be-9920-9b80f27a9d2e,grand-china-highlights-16-day-multi-city-journey,https://www.korascale.com/journeys/grand-china-highlights-16-day-multi-city-journey,200,https://www.korascale.com/journeys/grand-china-highlights-16-day-multi-city-journey,,Grand China Highlights 16-Day Multi-City Journey | Korascale,Beijing begins · Xi’an · Chengdu · Chongqing · Guilin · Shanghai ends,Grand China Highlights 16-Day Multi-City Journey,1,Grand China Highlights 16-Day Multi-City Journey,Beijing begins · Xi’an · Chengdu · Chongqing · Guilin · Shanghai ends,https://kbnup6n3k5ja0hg2.public.blob.vercel-storage.com/journeys/1769921047051-%E4%B8%BB%E5%9B%BE-%E6%A1%82%E6%9E%97%E5%B1%B1%E6%B0%B4-%E6%A8%AA%E5%9B%BE-6aJddp5N5BEhJi8dKhKOYiIG2vEqPw.jpg,BreadcrumbList|Organization|TravelAgency|Trip,Grand China Highlights 16-Day Multi-City Journey,Beijing begins · Xi’an · Chengdu · Chongqing · Guilin · Shanghai ends,https://kbnup6n3k5ja0hg2.public.blob.vercel-storage.com/journeys/1769921047051-%E4%B8%BB%E5%9B%BE-%E6%A1%82%E6%9E%97%E5%B1%B1%E6%B0%B4-%E6%A8%AA%E5%9B%BE-6aJddp5N5BEhJi8dKhKOYiIG2vEqPw.jpg,1287,false,0,true,true,,,false,false,false,false,Hero DOM selector unavailable; og:image and DB hero_image_url used as references.,
4a22ea8c-15a2-4b39-b1d2-c7b3d3e32fd7,guangzhou-chaoshan-xiamen-cultural-loop-8-day-tour,https://www.korascale.com/journeys/guangzhou-chaoshan-xiamen-cultural-loop-8-day-tour,200,https://www.korascale.com/journeys/guangzhou-chaoshan-xiamen-cultural-loop-8-day-tour,,"Guangzhou, Chaoshan & Xiamen  Cultural Loop 8-Day Tour | Korascale","Guangzhou begins, Xiamen ends","Guangzhou, Chaoshan & Xiamen  Cultural Loop 8-Day Tour",1,"Guangzhou, Chaoshan & Xiamen  Cultural Loop 8-Day Tour","Guangzhou begins, Xiamen ends",https://kbnup6n3k5ja0hg2.public.blob.vercel-storage.com/journeys/1767336091625-%E4%B8%BB%E5%9B%BE-%E9%BC%93%E6%B5%AA%E5%B1%BF-%E6%A8%AA%E5%9B%BE-BYoPelIP7Z05GUaamn23ttGm6vw8O0.jpeg,BreadcrumbList|Organization|TravelAgency|Trip,"Guangzhou, Chaoshan & Xiamen  Cultural Loop 8-Day Tour","Guangzhou begins, Xiamen ends",https://kbnup6n3k5ja0hg2.public.blob.vercel-storage.com/journeys/1767336091625-%E4%B8%BB%E5%9B%BE-%E9%BC%93%E6%B5%AA%E5%B1%BF-%E6%A8%AA%E5%9B%BE-BYoPelIP7Z05GUaamn23ttGm6vw8O0.jpeg,672,false,0,true,true,,,false,false,false,false,Hero DOM selector unavailable; og:image and DB hero_image_url used as references.,
d2be5f8a-75a3-453a-88e6-a13c8baa70d4,guilin-to-yangshuo-classic-7-day-tour,https://www.korascale.com/journeys/guilin-to-yangshuo-classic-7-day-tour,200,https://www.korascale.com/journeys/guilin-to-yangshuo-classic-7-day-tour,,Guilin to Yangshuo  Classic 7-Day Tour | Korascale,"Guilin begins, Guilin ends",Guilin to Yangshuo  Classic 7-Day Tour,1,Guilin to Yangshuo  Classic 7-Day Tour,"Guilin begins, Guilin ends",https://kbnup6n3k5ja0hg2.public.blob.vercel-storage.com/journeys/1767280379682-%E4%B8%BB%E5%9B%BE-%E6%A1%82%E6%9E%97%E5%B1%B1%E6%B0%B4-%E6%A8%AA%E5%9B%BE-cWIzMKou5RqE2x2ZWYvmqGdEZE6S1g.jpg,BreadcrumbList|Organization|TravelAgency|Trip,Guilin to Yangshuo  Classic 7-Day Tour,"Guilin begins, Guilin ends",https://kbnup6n3k5ja0hg2.public.blob.vercel-storage.com/journeys/1767280379682-%E4%B8%BB%E5%9B%BE-%E6%A1%82%E6%9E%97%E5%B1%B1%E6%B0%B4-%E6%A8%AA%E5%9B%BE-cWIzMKou5RqE2x2ZWYvmqGdEZE6S1g.jpg,1077,false,0,true,true,,,false,false,false,false,Hero DOM selector unavailable; og:image and DB hero_image_url used as references.,
fe99d869-cb67-4ba7-8791-ecdfa38c2701,huangshan-to-huizhou-ancient-villages-6-day-tour,https://www.korascale.com/journeys/huangshan-to-huizhou-ancient-villages-6-day-tour,200,https://www.korascale.com/journeys/huangshan-to-huizhou-ancient-villages-6-day-tour,,Huangshan to Huizhou Ancient Villages 6-Day Tour | Korascale,"Huangshan begins, Huangshan ends",Huangshan to Huizhou Ancient Villages 6-Day Tour,1,Huangshan to Huizhou Ancient Villages 6-Day Tour,"Huangshan begins, Huangshan ends",https://kbnup6n3k5ja0hg2.public.blob.vercel-storage.com/journeys/1767340686645-%E4%B8%BB%E5%9B%BE-%E8%BF%8E%E5%AE%A2%E6%9D%BE-%E6%A8%AA%E5%9B%BE-4FOkmcw5y1HwAvY72Ou2giwRIEIiE4.jpg,BreadcrumbList|Organization|TravelAgency|Trip,Huangshan to Huizhou Ancient Villages 6-Day Tour,"Huangshan begins, Huangshan ends",https://kbnup6n3k5ja0hg2.public.blob.vercel-storage.com/journeys/1767340686645-%E4%B8%BB%E5%9B%BE-%E8%BF%8E%E5%AE%A2%E6%9D%BE-%E6%A8%AA%E5%9B%BE-4FOkmcw5y1HwAvY72Ou2giwRIEIiE4.jpg,1057,false,0,true,true,,,false,false,false,false,Hero DOM selector unavailable; og:image and DB hero_image_url used as references.,
aa64bf32-d48f-4d5a-8bb7-e0e85353de5c,jiuzhaigou-cultural-adventure-4-day-tour,https://www.korascale.com/journeys/jiuzhaigou-cultural-adventure-4-day-tour,200,https://www.korascale.com/journeys/jiuzhaigou-cultural-adventure-4-day-tour,,Jiuzhaigou Cultural & Adventure 4-Day Tour | Korascale,"Chengdu begins, Chengdu ends",Jiuzhaigou Cultural & Adventure 4-Day Tour,1,Jiuzhaigou Cultural & Adventure 4-Day Tour,"Chengdu begins, Chengdu ends",https://kbnup6n3k5ja0hg2.public.blob.vercel-storage.com/journeys/1767714076358-%E4%B8%BB%E5%9B%BE-%E4%B9%9D%E5%AF%A8%E6%B2%9F-%E6%A8%AA%E5%9B%BE-z8k3mNCllKHJa6CARBGLsPC7wPmzDb.jpeg,BreadcrumbList|Organization|TravelAgency|Trip,Jiuzhaigou Cultural & Adventure 4-Day Tour,"Chengdu begins, Chengdu ends",https://kbnup6n3k5ja0hg2.public.blob.vercel-storage.com/journeys/1767714076358-%E4%B8%BB%E5%9B%BE-%E4%B9%9D%E5%AF%A8%E6%B2%9F-%E6%A8%AA%E5%9B%BE-z8k3mNCllKHJa6CARBGLsPC7wPmzDb.jpeg,1066,false,0,true,true,,,false,true,false,false,Hero DOM selector unavailable; og:image and DB hero_image_url used as references.,
062f363b-eabb-493c-a15b-fe769db12ac5,jiuzhaigou-huanglong-by-high-speed-rail-3-day-tour,https://www.korascale.com/journeys/jiuzhaigou-huanglong-by-high-speed-rail-3-day-tour,200,https://www.korascale.com/journeys/jiuzhaigou-huanglong-by-high-speed-rail-3-day-tour,,Jiuzhaigou & Huanglong by High-Speed Rail 3-Day Tour | Korascale Travel | Korascale,"Chengdu begins, Chengdu ends",Jiuzhaigou & Huanglong by High-Speed Rail 3-Day Tour | Korascale Travel,1,Jiuzhaigou & Huanglong by High-Speed Rail 3-Day Tour | Korascale Travel,"Chengdu begins, Chengdu ends",https://kbnup6n3k5ja0hg2.public.blob.vercel-storage.com/journeys/1771753923521-%E4%B8%BB%E5%9B%BE-%E4%B9%9D%E5%AF%A8%E6%B2%9F-%E6%A8%AA%E5%9B%BE-RBIWFJFZDyD8TzHhytYjCAmfndXhda.jpeg,BreadcrumbList|Organization|TravelAgency|Trip,Jiuzhaigou & Huanglong by High-Speed Rail 3-Day Tour | Korascale Travel,"Chengdu begins, Chengdu ends",https://kbnup6n3k5ja0hg2.public.blob.vercel-storage.com/journeys/1771753923521-%E4%B8%BB%E5%9B%BE-%E4%B9%9D%E5%AF%A8%E6%B2%9F-%E6%A8%AA%E5%9B%BE-RBIWFJFZDyD8TzHhytYjCAmfndXhda.jpeg,965,false,0,true,true,,/images/placeholder.jpg,false,true,false,false,Hero DOM selector unavailable; og:image and DB hero_image_url used as references.,
28ae5874-2c8f-4f88-895e-09cb45c36872,leshan-buddha-emei-mountain-2-day-tour,https://www.korascale.com/journeys/leshan-buddha-emei-mountain-2-day-tour,200,https://www.korascale.com/journeys/leshan-buddha-emei-mountain-2-day-tour,,Leshan Buddha & Emei Mountain 2-Day Tour | Korascale Travel | Korascale,"Chengdu begins, Chengdu ends",Leshan Buddha & Emei Mountain 2-Day Tour | Korascale Travel,1,Leshan Buddha & Emei Mountain 2-Day Tour | Korascale Travel,"Chengdu begins, Chengdu ends",https://kbnup6n3k5ja0hg2.public.blob.vercel-storage.com/journeys/1771753037248-%E4%B8%BB%E5%9B%BE-%E5%B3%A8%E7%9C%89%E5%B1%B1-%E6%A8%AA%E5%9B%BE-hLbMBhKWnUFPqpWmBSKQwBxKwyW5n2.png,BreadcrumbList|Organization|TravelAgency|Trip,Leshan Buddha & Emei Mountain 2-Day Tour | Korascale Travel,"Chengdu begins, Chengdu ends",https://kbnup6n3k5ja0hg2.public.blob.vercel-storage.com/journeys/1771753037248-%E4%B8%BB%E5%9B%BE-%E5%B3%A8%E7%9C%89%E5%B1%B1-%E6%A8%AA%E5%9B%BE-hLbMBhKWnUFPqpWmBSKQwBxKwyW5n2.png,780,false,0,true,true,,/images/placeholder.jpg,false,true,false,false,Hero DOM selector unavailable; og:image and DB hero_image_url used as references.,
43afa024-0a6b-42a4-ab24-b582778ad587,lhasa-holy-lakes-classic-tibet-8-day-tour,https://www.korascale.com/journeys/lhasa-holy-lakes-classic-tibet-8-day-tour,200,https://www.korascale.com/journeys/lhasa-holy-lakes-classic-tibet-8-day-tour,,Lhasa & Holy Lakes  Classic Tibet 8-Day Tour | Korascale,"Lhasa begins, Lhasa ends",Lhasa & Holy Lakes  Classic Tibet 8-Day Tour,1,Lhasa & Holy Lakes  Classic Tibet 8-Day Tour,"Lhasa begins, Lhasa ends",https://kbnup6n3k5ja0hg2.public.blob.vercel-storage.com/journeys/1768222356636-%E4%B8%BB%E5%9B%BE-%E5%B7%B4%E6%9D%BE%E6%8E%AA-%E6%A8%AA%E5%9B%BE-serMl9dPsgjQRaFlaSJXlkvu4oHyjL.jpeg,BreadcrumbList|Organization|TravelAgency|Trip,Lhasa & Holy Lakes  Classic Tibet 8-Day Tour,"Lhasa begins, Lhasa ends",https://kbnup6n3k5ja0hg2.public.blob.vercel-storage.com/journeys/1768222356636-%E4%B8%BB%E5%9B%BE-%E5%B7%B4%E6%9D%BE%E6%8E%AA-%E6%A8%AA%E5%9B%BE-serMl9dPsgjQRaFlaSJXlkvu4oHyjL.jpeg,1077,false,0,true,true,,,false,false,false,false,Hero DOM selector unavailable; og:image and DB hero_image_url used as references.,
645c7b01-6a18-4246-91b7-69f1311e9ebc,shanghai-suzhou-classic-dual-city-7-day-tour,https://www.korascale.com/journeys/shanghai-suzhou-classic-dual-city-7-day-tour,200,https://www.korascale.com/journeys/shanghai-suzhou-classic-dual-city-7-day-tour,,Shanghai & Suzhou Classic Dual-City 7-Day  Tour | Korascale,"Shanghai begins, Shanghai ends",Shanghai & Suzhou Classic Dual-City 7-Day  Tour,1,Shanghai & Suzhou Classic Dual-City 7-Day  Tour,"Shanghai begins, Shanghai ends",https://kbnup6n3k5ja0hg2.public.blob.vercel-storage.com/journeys/1767455968109-%E4%B8%BB%E5%9B%BE-%E8%8B%8F%E5%B7%9E-%E6%A8%AA%E5%9B%BE-BaUlNeqFN1L39nd7jshRCvpf2vdRix.jpeg,BreadcrumbList|Organization|TravelAgency|Trip,Shanghai & Suzhou Classic Dual-City 7-Day  Tour,"Shanghai begins, Shanghai ends",https://kbnup6n3k5ja0hg2.public.blob.vercel-storage.com/journeys/1767455968109-%E4%B8%BB%E5%9B%BE-%E8%8B%8F%E5%B7%9E-%E6%A8%AA%E5%9B%BE-BaUlNeqFN1L39nd7jshRCvpf2vdRix.jpeg,1105,false,0,true,true,,,false,false,false,false,Hero DOM selector unavailable; og:image and DB hero_image_url used as references.,
743d03b7-82a9-4d72-9715-10ee9df9f231,siguniang-mountain-2-day-tour,https://www.korascale.com/journeys/siguniang-mountain-2-day-tour,200,https://www.korascale.com/journeys/siguniang-mountain-2-day-tour,,Siguniang Mountain 2-Day Tour | Korascale Travel | Korascale,"Chengdu begins, Chengdu ends",Siguniang Mountain 2-Day Tour | Korascale Travel,1,Siguniang Mountain 2-Day Tour | Korascale Travel,"Chengdu begins, Chengdu ends",https://kbnup6n3k5ja0hg2.public.blob.vercel-storage.com/journeys/1765962302332-%E5%9B%9B%E5%A7%91%E5%A8%98%E5%B1%B1%E5%8F%8C%E6%A1%A5%E6%B2%9F%E5%9B%9B%E5%A7%91%E5%A8%9C%E6%8E%AA2-DnmiqcpIYffSIvp9ALSTlj06LneFtk.png,BreadcrumbList|Organization|TravelAgency|Trip,Siguniang Mountain 2-Day Tour | Korascale Travel,"Chengdu begins, Chengdu ends",https://kbnup6n3k5ja0hg2.public.blob.vercel-storage.com/journeys/1765962302332-%E5%9B%9B%E5%A7%91%E5%A8%98%E5%B1%B1%E5%8F%8C%E6%A1%A5%E6%B2%9F%E5%9B%9B%E5%A7%91%E5%A8%9C%E6%8E%AA2-DnmiqcpIYffSIvp9ALSTlj06LneFtk.png,771,false,0,true,true,,/images/placeholder.jpg,false,true,false,false,Hero DOM selector unavailable; og:image and DB hero_image_url used as references.,
bfd44a68-c631-4e23-950f-f93a7e9231b5,xian-culture-mount-hua-in-depth-4-day-tour,https://www.korascale.com/journeys/xian-culture-mount-hua-in-depth-4-day-tour,200,https://www.korascale.com/journeys/xian-culture-mount-hua-in-depth-4-day-tour,,Xi'an Culture & Mount Hua  In-Depth 4-Day Tour | Korascale,"Xi'an begins, Xi'an ends",Xi'an Culture & Mount Hua  In-Depth 4-Day Tour,1,Xi'an Culture & Mount Hua  In-Depth 4-Day Tour,"Xi'an begins, Xi'an ends",https://kbnup6n3k5ja0hg2.public.blob.vercel-storage.com/journeys/1766931010118-%E4%B8%BB%E5%9B%BE-%E8%A5%BF%E5%AE%89%E5%9F%8E%E5%A2%99-%E6%A8%AA%E5%9B%BE-NlSHPTNxeOYztmbhrzWZCqvHwWKO6I.jpg,BreadcrumbList|Organization|TravelAgency|Trip,Xi'an Culture & Mount Hua  In-Depth 4-Day Tour,"Xi'an begins, Xi'an ends",https://kbnup6n3k5ja0hg2.public.blob.vercel-storage.com/journeys/1766931010118-%E4%B8%BB%E5%9B%BE-%E8%A5%BF%E5%AE%89%E5%9F%8E%E5%A2%99-%E6%A8%AA%E5%9B%BE-NlSHPTNxeOYztmbhrzWZCqvHwWKO6I.jpg,980,false,0,true,true,,,false,false,false,false,Hero DOM selector unavailable; og:image and DB hero_image_url used as references.,
06f935af-8ca1-45e0-bdc3-053b94907cf2,xian-terracotta-warriors-tang-paradise-night-tour,https://www.korascale.com/journeys/xian-terracotta-warriors-tang-paradise-night-tour,200,https://www.korascale.com/journeys/xian-terracotta-warriors-tang-paradise-night-tour,,Xi'an Terracotta Warriors & Tang Paradise Night Tour | Korascale,Uncovering the Subterranean Scale of Ancient Empires and the Radiant Spectacle of China’s Cultural Renaissance.,Xi'an Terracotta Warriors & Tang Paradise Night Tour,1,Xi'an Terracotta Warriors & Tang Paradise Night Tour,Uncovering the Subterranean Scale of Ancient Empires and the Radiant Spectacle of China’s Cultural Renaissance.,https://kbnup6n3k5ja0hg2.public.blob.vercel-storage.com/journeys/1771751385210-%E4%B8%BB%E5%9B%BE-%E5%85%B5%E9%A9%AC%E4%BF%91-%E6%A8%AA%E5%9B%BE-nsKYkQSn2Pko5A3csi3FSClT5Rr5vh.jpeg,BreadcrumbList|Organization|TravelAgency|Trip,Xi'an Terracotta Warriors & Tang Paradise Night Tour,Uncovering the Subterranean Scale of Ancient Empires and the Radiant Spectacle of China’s Cultural Renaissance.,https://kbnup6n3k5ja0hg2.public.blob.vercel-storage.com/journeys/1771751385210-%E4%B8%BB%E5%9B%BE-%E5%85%B5%E9%A9%AC%E4%BF%91-%E6%A8%AA%E5%9B%BE-nsKYkQSn2Pko5A3csi3FSClT5Rr5vh.jpeg,991,false,0,true,true,,/images/placeholder.jpg,false,false,false,false,Hero DOM selector unavailable; og:image and DB hero_image_url used as references.,
1211dc54-4653-4bb1-a925-75fa38477919,xining-to-lhasa-mount-everest-tibet-grand-10-day-tour,https://www.korascale.com/journeys/xining-to-lhasa-mount-everest-tibet-grand-10-day-tour,200,https://www.korascale.com/journeys/xining-to-lhasa-mount-everest-tibet-grand-10-day-tour,,Xining to Lhasa & Mount Everest  Tibet Grand 10-Day Tour | Korascale,"Xining begins, Lhasa ends",Xining to Lhasa & Mount Everest  Tibet Grand 10-Day Tour,1,Xining to Lhasa & Mount Everest  Tibet Grand 10-Day Tour,"Xining begins, Lhasa ends",https://kbnup6n3k5ja0hg2.public.blob.vercel-storage.com/journeys/1767931763849-%E4%B8%BB%E5%9B%BE-%E9%9D%92%E8%97%8F%E9%93%81%E8%B7%AF-%E6%A8%AA%E5%9B%BE-KOj3Ae3UB0Luayq8Br88l9P5DGvD6r.jpeg,BreadcrumbList|Organization|TravelAgency|Trip,Xining to Lhasa & Mount Everest  Tibet Grand 10-Day Tour,"Xining begins, Lhasa ends",https://kbnup6n3k5ja0hg2.public.blob.vercel-storage.com/journeys/1767931763849-%E4%B8%BB%E5%9B%BE-%E9%9D%92%E8%97%8F%E9%93%81%E8%B7%AF-%E6%A8%AA%E5%9B%BE-KOj3Ae3UB0Luayq8Br88l9P5DGvD6r.jpeg,1316,false,0,true,true,,,false,false,false,false,Hero DOM selector unavailable; og:image and DB hero_image_url used as references.,
ef87b1c3-d52a-4e8e-ade7-950e1bceadb3,yunnan-kunming-dali-lijiang-shangri-la-9-day-tour,https://www.korascale.com/journeys/yunnan-kunming-dali-lijiang-shangri-la-9-day-tour,200,https://www.korascale.com/journeys/yunnan-kunming-dali-lijiang-shangri-la-9-day-tour,,"Yunnan Kunming, Dali, Lijiang & Shangri-La 9-Day  Tour | Korascale","Kunming begins, Shangri-La ends","Yunnan Kunming, Dali, Lijiang & Shangri-La 9-Day  Tour",1,"Yunnan Kunming, Dali, Lijiang & Shangri-La 9-Day  Tour","Kunming begins, Shangri-La ends",https://kbnup6n3k5ja0hg2.public.blob.vercel-storage.com/journeys/1768228201513-%E4%B8%BB%E5%9B%BE-%E5%A4%A7%E7%BB%8F%E5%B9%A1-%E6%A8%AA%E5%9B%BE-mRCBTRF3GbHKUl5euE15JCuIJdIECU.jpeg,BreadcrumbList|Organization|TravelAgency|Trip,"Yunnan Kunming, Dali, Lijiang & Shangri-La 9-Day  Tour","Kunming begins, Shangri-La ends",https://kbnup6n3k5ja0hg2.public.blob.vercel-storage.com/journeys/1768228201513-%E4%B8%BB%E5%9B%BE-%E5%A4%A7%E7%BB%8F%E5%B9%A1-%E6%A8%AA%E5%9B%BE-mRCBTRF3GbHKUl5euE15JCuIJdIECU.jpeg,1288,false,0,true,true,,,false,false,false,false,Hero DOM selector unavailable; og:image and DB hero_image_url used as references.,
08579f34-894b-4278-9608-a96f54d2b591,zhangjiajie-fenghuang-classic-7-day-dual-destination-tour,https://www.korascale.com/journeys/zhangjiajie-fenghuang-classic-7-day-dual-destination-tour,200,https://www.korascale.com/journeys/zhangjiajie-fenghuang-classic-7-day-dual-destination-tour,,Zhangjiajie & Fenghuang Classic 7-Day Dual-Destination Tour | Korascale,"Zhangjiajie begins, Zhangjiajie ends",Zhangjiajie & Fenghuang Classic 7-Day Dual-Destination Tour,1,Zhangjiajie & Fenghuang Classic 7-Day Dual-Destination Tour,"Zhangjiajie begins, Zhangjiajie ends",https://kbnup6n3k5ja0hg2.public.blob.vercel-storage.com/journeys/1767679604101-%E4%B8%BB%E5%9B%BE-%E6%AD%A6%E9%99%B5%E6%BA%90-%E6%A8%AA%E5%9B%BE-oFGPNkojecNVIpFNd7mnzy8MzDGUay.jpeg,BreadcrumbList|Organization|TravelAgency|Trip,Zhangjiajie & Fenghuang Classic 7-Day Dual-Destination Tour,"Zhangjiajie begins, Zhangjiajie ends",https://kbnup6n3k5ja0hg2.public.blob.vercel-storage.com/journeys/1767679604101-%E4%B8%BB%E5%9B%BE-%E6%AD%A6%E9%99%B5%E6%BA%90-%E6%A8%AA%E5%9B%BE-oFGPNkojecNVIpFNd7mnzy8MzDGUay.jpeg,1073,false,0,true,true,,,false,false,false,false,Hero DOM selector unavailable; og:image and DB hero_image_url used as references.,
